Чорна п'ятниця,blue.png,Знижки на осінні колекції,2024-01-05,2024-01-29, 1
Весняний розпродаж,green.png,Спеціальні ціни на зимову техніку,2024-01-08,2024-01-19, 2
Новорічні знижки,red.png,Найкращі пропозиції на зимову техніку,2024-01-10,2024-01-13, 3
Новорічні знижки,red.png,Знижки на осінні колекції,2024-01-11,2024-02-03, 4
Спеціальна акція лютого,green.png,Подарунки для всіх на свята,2024-01-18,2024-02-08, 5
Різдвяний розпродаж,green.png,Знижки на всю техніку влітку,2024-01-18,2024-02-13, 6
Весняний розпродаж,green.png,Подарунки для всіх на свята,2024-01-20,2024-01-21, 7
Осіння акція,red.png,Найкращі пропозиції на зимову техніку,2024-01-20,2024-02-15, 8
Літній розпродаж,red.png,Спеціальні пропозиції для мам,2024-01-29,2024-02-10, 9
Літній розпродаж,red.png,Знижки до 50% на обрані товари,2024-02-02,2024-02-27, 10
Літній розпродаж,red.png,Вигідні пропозиції на новий рік,2024-02-03,2024-02-26, 11
Спеціальна акція лютого,green.png,Знижки на осінні колекції,2024-02-07,2024-02-17, 12
Літній розпродаж,green.png,Найкращі пропозиції на зимову техніку,2024-02-08,2024-02-10, 13
Осіння акція,red.png,Оновіть свою техніку за вигідними цінами,2024-02-08,2024-02-18, 14
Зимова акція,blue.png,Спеціальні ціни на зимову техніку,2024-02-11,2024-03-09, 15
Зимова акція,blue.png,Знижки до 50% на обрані товари,2024-02-17,2024-02-19, 16
Зимова акція,red.png,Знижки на осінні колекції,2024-02-21,2024-03-11, 17
Різдвяний розпродаж,green.png,Подарунки для всіх на свята,2024-02-23,2024-03-07, 18
Весняний розпродаж,green.png,Знижки на осінні колекції,2024-02-25,2024-03-11, 19
Різдвяний розпродаж,blue.png,Вигідні пропозиції на новий рік,2024-02-27,2024-03-02, 20
Різдвяний розпродаж,red.png,Вигідні пропозиції на новий рік,2024-02-28,2024-03-20, 21
Зимова розпродаж,green.png,Знижки на осінні колекції,2024-02-29,2024-03-09, 22
Літній розпродаж,red.png,Найбільші знижки року,2024-02-29,2024-03-24, 23
Весняний розпродаж,green.png,Знижки до 50% на обрані товари,2024-03-01,2024-03-03, 24
Акція до Дня матері,green.png,Знижки на всю техніку влітку,2024-03-02,2024-03-25, 25
Осіння акція,blue.png,Спеціальні ціни на зимову техніку,2024-03-03,2024-03-25, 26
Різдвяний розпродаж,red.png,Найкращі пропозиції на зимову техніку,2024-03-06,2024-03-08, 27
Різдвяний розпродаж,blue.png,Спеціальні ціни на зимову техніку,2024-03-13,2024-04-02, 28
Осіння акція,red.png,Знижки на осінні колекції,2024-03-14,2024-03-23, 29
Осіння акція,blue.png,Найкращі пропозиції на зимову техніку,2024-03-16,2024-04-12, 30
Спеціальна акція лютого,green.png,Вигідні пропозиції на новий рік,2024-03-18,2024-03-31, 31
Зимова розпродаж,green.png,Знижки до 50% на обрані товари,2024-03-22,2024-03-25, 32
Акція до Дня матері,green.png,Спеціальні ціни на зимову техніку,2024-03-25,2024-04-17, 33
Акція до Дня матері,red.png,Оновіть свою техніку за вигідними цінами,2024-04-02,2024-04-28, 34
Різдвяний розпродаж,red.png,Оновіть свою техніку за вигідними цінами,2024-04-04,2024-04-14, 35
Акція до Дня матері,red.png,Знижки на всю техніку влітку,2024-04-06,2024-05-06, 36
Весняний розпродаж,green.png,Знижки до 50% на обрані товари,2024-04-10,2024-05-01, 37
Різдвяний розпродаж,red.png,Найбільші знижки року,2024-04-16,2024-04-17, 38
Весняний розпродаж,red.png,Найбільші знижки року,2024-04-18,2024-04-27, 39
Зимова розпродаж,blue.png,Найкращі пропозиції на зимову техніку,2024-04-21,2024-04-23, 40
Акція до Дня матері,blue.png,Найкращі пропозиції на зимову техніку,2024-04-24,2024-04-29, 41
Весняний розпродаж,red.png,Вигідні пропозиції на новий рік,2024-04-27,2024-05-13, 42
Зимова акція,red.png,Оновіть свою техніку за вигідними цінами,2024-05-03,2024-05-05, 43
Літній розпродаж,blue.png,Подарунки для всіх на свята,2024-05-04,2024-05-20, 44
Акція до Дня матері,green.png,Спеціальні ціни на зимову техніку,2024-05-07,2024-05-15, 45
Різдвяний розпродаж,green.png,Оновіть свою техніку за вигідними цінами,2024-05-08,2024-05-18, 46
Акція до Дня матері,green.png,Оновіть свою техніку за вигідними цінами,2024-05-13,2024-05-23, 47
Осіння акція,red.png,Знижки на всю техніку влітку,2024-05-15,2024-06-14, 48
Осіння акція,blue.png,Подарунки для всіх на свята,2024-05-18,2024-06-02, 49
Осіння акція,red.png,Вигідні пропозиції на новий рік,2024-05-19,2024-05-24, 50
Зимова акція,red.png,Знижки на осінні колекції,2024-05-22,2024-05-30, 51
Спеціальна акція лютого,green.png,Спеціальні пропозиції для мам,2024-05-28,2024-06-20, 52
Весняний розпродаж,green.png,Найкращі пропозиції на зимову техніку,2024-05-30,2024-05-31, 53
Різдвяний розпродаж,green.png,Знижки на всю техніку влітку,2024-05-30,2024-06-02, 54
Весняний розпродаж,red.png,Знижки на всю техніку влітку,2024-05-30,2024-06-19, 55
Різдвяний розпродаж,green.png,Найкращі пропозиції на зимову техніку,2024-06-02,2024-06-05, 56
Літній розпродаж,blue.png,Знижки до 50% на обрані товари,2024-06-03,2024-06-16, 57
Зимова акція,red.png,Знижки до 50% на обрані товари,2024-06-03,2024-06-23, 58
Зимова розпродаж,green.png,Найкращі пропозиції на зимову техніку,2024-06-10,2024-07-06, 59
Різдвяний розпродаж,blue.png,Найкращі пропозиції на зимову техніку,2024-06-17,2024-07-10, 60
Літній розпродаж,green.png,Найкращі пропозиції на зимову техніку,2024-06-18,2024-07-09, 61
Осіння акція,red.png,Подарунки для всіх на свята,2024-06-26,2024-07-25, 62
Спеціальна акція лютого,red.png,Найбільші знижки року,2024-07-01,2024-07-13, 63
Новорічні знижки,blue.png,Подарунки для всіх на свята,2024-07-05,2024-07-28, 64
Зимова акція,red.png,Найбільші знижки року,2024-07-08,2024-08-04, 65
Новорічні знижки,green.png,Знижки на осінні колекції,2024-07-09,2024-07-21, 66
Акція до Дня матері,green.png,Знижки до 50% на обрані товари,2024-07-09,2024-08-05, 67
Акція до Дня матері,green.png,Вигідні пропозиції на новий рік,2024-07-18,2024-08-11, 68
Літній розпродаж,green.png,Найкращі пропозиції на зимову техніку,2024-07-20,2024-07-26, 69
Осіння акція,green.png,Знижки на всю техніку влітку,2024-07-22,2024-08-18, 70
Весняний розпродаж,red.png,Знижки до 50% на обрані товари,2024-07-26,2024-07-31, 71
Літній розпродаж,red.png,Знижки на осінні колекції,2024-07-27,2024-08-14, 72
Акція до Дня матері,red.png,Вигідні пропозиції на новий рік,2024-07-28,2024-08-07, 73
Новорічні знижки,blue.png,Найбільші знижки року,2024-07-28,2024-08-07, 74
Літній розпродаж,green.png,Знижки на всю техніку влітку,2024-07-28,2024-08-25, 75
Чорна п'ятниця,blue.png,Знижки на всю техніку влітку,2024-07-30,2024-08-24, 76
Осіння акція,green.png,Вигідні пропозиції на новий рік,2024-08-05,2024-08-24, 77
Зимова акція,red.png,Знижки на осінні колекції,2024-08-06,2024-08-24, 78
Новорічні знижки,green.png,Найкращі пропозиції на зимову техніку,2024-08-09,2024-08-13, 79
Весняний розпродаж,blue.png,Знижки до 50% на обрані товари,2024-08-09,2024-08-24, 80
Зимова акція,blue.png,Спеціальні ціни на зимову техніку,2024-08-10,2024-08-16, 81
Спеціальна акція лютого,red.png,Спеціальні пропозиції для мам,2024-08-13,2024-09-09, 82
Спеціальна акція лютого,green.png,Подарунки для всіх на свята,2024-08-15,2024-09-01, 83
Спеціальна акція лютого,red.png,Найбільші знижки року,2024-08-22,2024-09-10, 84
Осіння акція,green.png,Подарунки для всіх на свята,2024-08-26,2024-09-12, 85
Чорна п'ятниця,red.png,Подарунки для всіх на свята,2024-08-27,2024-08-29, 86
Акція до Дня матері,red.png,Знижки до 50% на обрані товари,2024-08-29,2024-09-10, 87
Зимова розпродаж,blue.png,Найкращі пропозиції на зимову техніку,2024-09-04,2024-09-16, 88
Літній розпродаж,red.png,Вигідні пропозиції на новий рік,2024-09-07,2024-09-09, 89
Весняний розпродаж,red.png,Спеціальні пропозиції для мам,2024-09-14,2024-09-24, 90
Весняний розпродаж,blue.png,Найкращі пропозиції на зимову техніку,2024-09-26,2024-10-16, 91
Зимова розпродаж,blue.png,Спеціальні ціни на зимову техніку,2024-09-29,2024-10-21, 92
Акція до Дня матері,blue.png,Знижки до 50% на обрані товари,2024-09-30,2024-10-21, 93
Зимова розпродаж,green.png,Найкращі пропозиції на зимову техніку,2024-10-01,2024-10-18, 94
Зимова акція,blue.png,Найбільші знижки року,2024-10-06,2024-10-16, 95
Зимова розпродаж,green.png,Найбільші знижки року,2024-10-10,2024-10-14, 96
Новорічні знижки,green.png,Знижки на осінні колекції,2024-10-11,2024-10-14, 97
Весняний розпродаж,green.png,Спеціальні ціни на зимову техніку,2024-10-15,2024-10-27, 98
Зимова розпродаж,blue.png,Знижки на всю техніку влітку,2024-10-15,2024-11-08, 99
Чорна п'ятниця,blue.png,Вигідні пропозиції на новий рік,2024-10-17,2024-10-23, 100
Чорна п'ятниця,green.png,Спеціальні пропозиції для мам,2024-10-18,2024-10-19, 101
Осіння акція,green.png,Подарунки для всіх на свята,2024-10-20,2024-11-10, 102
Акція до Дня матері,red.png,Знижки на осінні колекції,2024-10-22,2024-10-25, 103
Осіння акція,green.png,Знижки на всю техніку влітку,2024-11-09,2024-12-03, 104
Літній розпродаж,red.png,Знижки на осінні колекції,2024-11-10,2024-11-19, 105
Літній розпродаж,red.png,Вигідні пропозиції на новий рік,2024-11-16,2024-12-11, 106
Новорічні знижки,green.png,Вигідні пропозиції на новий рік,2024-11-19,2024-12-12, 107
Зимова розпродаж,red.png,Оновіть свою техніку за вигідними цінами,2024-11-20,2024-12-09, 108
Осіння акція,red.png,Знижки на всю техніку влітку,2024-11-22,2024-12-08, 109
Зимова розпродаж,green.png,Найбільші знижки року,2024-11-22,2024-12-15, 110
Зимова розпродаж,blue.png,Оновіть свою техніку за вигідними цінами,2024-11-24,2024-12-06, 111
Новорічні знижки,green.png,Подарунки для всіх на свята,2024-11-29,2024-11-30, 112
Зимова акція,blue.png,Оновіть свою техніку за вигідними цінами,2024-11-30,2024-12-25, 113
Чорна п'ятниця,red.png,Оновіть свою техніку за вигідними цінами,2024-12-01,2024-12-25, 114
Літній розпродаж,green.png,Спеціальні ціни на зимову техніку,2024-12-01,2024-12-28, 115
Новорічні знижки,green.png,Оновіть свою техніку за вигідними цінами,2024-12-08,2024-12-10, 116
Зимова розпродаж,green.png,Спеціальні пропозиції для мам,2024-12-08,2024-12-25, 117
Весняний розпродаж,red.png,Знижки до 50% на обрані товари,2024-12-13,2024-12-31, 118
Літній розпродаж,red.png,Найкращі пропозиції на зимову техніку,2024-12-15,2024-12-20, 119
Весняний розпродаж,green.png,Найкращі пропозиції на зимову техніку,2024-12-16,2025-01-07, 120
Різдвяний розпродаж,red.png,Оновіть свою техніку за вигідними цінами,2024-12-21,2024-12-24, 121
Акція до Дня матері,red.png,Спеціальні ціни на зимову техніку,2024-12-31,2025-01-09, 122
Весняний розпродаж,red.png,Знижки на осінні колекції,2024-12-31,2025-01-09, 123
Спеціальна акція лютого,green.png,Подарунки для всіх на свята,2025-01-08,2025-02-06, 124
Весняний розпродаж,blue.png,Вигідні пропозиції на новий рік,2025-01-08,2025-02-07, 125
Зимова акція,blue.png,Спеціальні ціни на зимову техніку,2025-01-25,2025-02-03, 126
Спеціальна акція лютого,green.png,Подарунки для всіх на свята,2025-01-25,2025-02-08, 127
Літній розпродаж,blue.png,Знижки до 50% на обрані товари,2025-01-26,2025-02-18, 128
Весняний розпродаж,green.png,Спеціальні ціни на зимову техніку,2025-02-09,2025-03-09, 129
Чорна п'ятниця,red.png,Найбільші знижки року,2025-02-21,2025-02-22, 130
Новорічні знижки,green.png,Оновіть свою техніку за вигідними цінами,2025-02-26,2025-02-28, 131
Весняний розпродаж,blue.png,Спеціальні ціни на зимову техніку,2025-02-26,2025-03-17, 132
Весняний розпродаж,green.png,Найкращі пропозиції на зимову техніку,2025-03-02,2025-03-14, 133
Акція до Дня матері,green.png,Оновіть свою техніку за вигідними цінами,2025-03-10,2025-03-16, 134
Акція до Дня матері,green.png,Знижки до 50% на обрані товари,2025-03-11,2025-04-01, 135
Весняний розпродаж,blue.png,Вигідні пропозиції на новий рік,2025-03-12,2025-03-15, 136
Осіння акція,green.png,Знижки до 50% на обрані товари,2025-03-18,2025-04-01, 137
Різдвяний розпродаж,green.png,Оновіть свою техніку за вигідними цінами,2025-03-21,2025-04-16, 138
Різдвяний розпродаж,blue.png,Спеціальні ціни на зимову техніку,2025-03-24,2025-04-03, 139
Зимова акція,blue.png,Знижки на осінні колекції,2025-03-25,2025-04-04, 140
Літній розпродаж,blue.png,Знижки на осінні колекції,2025-03-30,2025-04-10, 141
Зимова розпродаж,blue.png,Знижки на осінні колекції,2025-04-04,2025-04-17, 142
Чорна п'ятниця,red.png,Знижки на осінні колекції,2025-04-07,2025-04-09, 143
Весняний розпродаж,green.png,Спеціальні пропозиції для мам,2025-04-08,2025-04-14, 144
Чорна п'ятниця,blue.png,Найкращі пропозиції на зимову техніку,2025-04-11,2025-04-27, 145
Новорічні знижки,green.png,Подарунки для всіх на свята,2025-04-13,2025-04-30, 146
Чорна п'ятниця,blue.png,Спеціальні пропозиції для мам,2025-04-16,2025-05-03, 147
Літній розпродаж,green.png,Спеціальні пропозиції для мам,2025-04-17,2025-05-08, 148
Акція до Дня матері,red.png,Подарунки для всіх на свята,2025-04-22,2025-04-23, 149
Акція до Дня матері,green.png,Спеціальні пропозиції для мам,2025-04-26,2025-05-07, 150
Спеціальна акція лютого,blue.png,Знижки до 50% на обрані товари,2025-05-05,2025-05-09, 151
Спеціальна акція лютого,green.png,Знижки на осінні колекції,2025-05-20,2025-05-24, 152
Весняний розпродаж,red.png,Знижки на осінні колекції,2025-05-21,2025-06-13, 153
Весняний розпродаж,green.png,Знижки до 50% на обрані товари,2025-05-26,2025-06-17, 154
Зимова розпродаж,blue.png,Спеціальні ціни на зимову техніку,2025-05-28,2025-06-21, 155
Різдвяний розпродаж,red.png,Знижки на осінні колекції,2025-06-03,2025-06-16, 156
Новорічні знижки,blue.png,Знижки на осінні колекції,2025-06-06,2025-06-19, 157
Новорічні знижки,blue.png,Вигідні пропозиції на новий рік,2025-06-08,2025-06-11, 158
Зимова розпродаж,blue.png,Спеціальні ціни на зимову техніку,2025-06-09,2025-07-01, 159
Акція до Дня матері,red.png,Подарунки для всіх на свята,2025-06-22,2025-06-25, 160
Осіння акція,blue.png,Подарунки для всіх на свята,2025-06-22,2025-07-11, 161
Новорічні знижки,green.png,Подарунки для всіх на свята,2025-06-29,2025-07-01, 162
Різдвяний розпродаж,red.png,Найкращі пропозиції на зимову техніку,2025-06-29,2025-07-02, 163
Зимова акція,red.png,Вигідні пропозиції на новий рік,2025-07-01,2025-07-04, 164
Літній розпродаж,green.png,Найбільші знижки року,2025-07-05,2025-07-20, 165
Зимова розпродаж,red.png,Спеціальні ціни на зимову техніку,2025-07-08,2025-07-22, 166
Зимова розпродаж,red.png,Найбільші знижки року,2025-07-15,2025-08-09, 167
Новорічні знижки,blue.png,Подарунки для всіх на свята,2025-07-17,2025-07-31, 168
Різдвяний розпродаж,blue.png,Знижки до 50% на обрані товари,2025-07-23,2025-08-09, 169
Акція до Дня матері,red.png,Спеціальні пропозиції для мам,2025-07-29,2025-08-24, 170
Спеціальна акція лютого,red.png,Вигідні пропозиції на новий рік,2025-08-12,2025-08-30, 171
Осіння акція,blue.png,Оновіть свою техніку за вигідними цінами,2025-08-16,2025-09-14, 172
Весняний розпродаж,green.png,Найкращі пропозиції на зимову техніку,2025-08-24,2025-09-18, 173
Літній розпродаж,red.png,Подарунки для всіх на свята,2025-08-31,2025-09-24, 174
Зимова акція,green.png,Подарунки для всіх на свята,2025-09-02,2025-09-06, 175
Осіння акція,red.png,Оновіть свою техніку за вигідними цінами,2025-09-02,2025-09-20, 176
Осіння акція,green.png,Спеціальні пропозиції для мам,2025-09-07,2025-09-30, 177
Зимова розпродаж,red.png,Вигідні пропозиції на новий рік,2025-09-11,2025-09-23, 178
Чорна п'ятниця,green.png,Знижки на осінні колекції,2025-09-24,2025-09-25, 179
Спеціальна акція лютого,red.png,Найбільші знижки року,2025-09-25,2025-09-26, 180
Новорічні знижки,blue.png,Знижки на осінні колекції,2025-10-04,2025-10-28, 181
Весняний розпродаж,green.png,Найкращі пропозиції на зимову техніку,2025-10-05,2025-10-26, 182
Весняний розпродаж,green.png,Оновіть свою техніку за вигідними цінами,2025-10-06,2025-11-02, 183
Новорічні знижки,blue.png,Знижки на осінні колекції,2025-10-18,2025-10-21, 184
Зимова розпродаж,blue.png,Подарунки для всіх на свята,2025-10-18,2025-10-27, 185
Новорічні знижки,green.png,Спеціальні ціни на зимову техніку,2025-10-22,2025-11-16, 186
Зимова розпродаж,red.png,Знижки до 50% на обрані товари,2025-10-23,2025-11-14, 187
Зимова акція,green.png,Спеціальні ціни на зимову техніку,2025-10-25,2025-11-20, 188
Зимова акція,red.png,Подарунки для всіх на свята,2025-10-30,2025-11-27, 189
Спеціальна акція лютого,blue.png,Спеціальні ціни на зимову техніку,2025-11-04,2025-11-06, 190
Акція до Дня матері,green.png,Спеціальні пропозиції для мам,2025-11-18,2025-12-18, 191
Різдвяний розпродаж,red.png,Найкращі пропозиції на зимову техніку,2025-11-20,2025-12-12, 192
Новорічні знижки,red.png,Вигідні пропозиції на новий рік,2025-11-24,2025-12-04, 193
Спеціальна акція лютого,blue.png,Спеціальні ціни на зимову техніку,2025-11-25,2025-12-08, 194
Різдвяний розпродаж,green.png,Спеціальні пропозиції для мам,2025-11-27,2025-12-12, 195
Акція до Дня матері,blue.png,Найбільші знижки року,2025-11-30,2025-12-03, 196
Чорна п'ятниця,red.png,Найбільші знижки року,2025-12-08,2025-12-31, 197
Весняний розпродаж,blue.png,Вигідні пропозиції на новий рік,2025-12-13,2025-12-20, 198
Зимова акція,red.png,Знижки на осінні колекції,2025-12-21,2025-12-24, 199
Акція до Дня матері,green.png,Подарунки для всіх на свята,2025-12-27,2025-12-31, 200
