Процесор,AMD Ryzen 9,44,25298,blue.png,4.5 GHz,11,Так
Процесор,Intel Core i9,21,71197,blue.png,3.6 GHz,11,Так
Процесор,Intel Core i5,29,96738,green.png,4.93 GHz,7,Так
Процесор,Intel Core i7,45,98544,green.png,2.01 GHz,4,Так
Процесор,AMD Ryzen 9,28,14465,red.png,3.27 GHz,8,Так
Процесор,AMD Ryzen 9,58,14239,blue.png,4.72 GHz,15,Ні
Процесор,Intel Core i9,4,15923,green.png,2.98 GHz,15,Так
Процесор,AMD Ryzen 9,5,30555,blue.png,3.87 GHz,5,Ні
Процесор,Intel Core i5,10,83370,green.png,4.26 GHz,16,Ні
Процесор,Intel Core i5,63,85134,blue.png,4.95 GHz,8,Так
Процесор,AMD Ryzen 9,83,65427,white.png,3.73 GHz,10,Так
Процесор,AMD Ryzen 7,24,25552,white.png,4.21 GHz,5,Так
Процесор,Intel Core i7,15,68158,green.png,2.46 GHz,12,Ні
Процесор,Intel Core i5,65,84931,red.png,2.91 GHz,13,Ні
Процесор,Intel Core i5,28,81340,red.png,3.29 GHz,5,Так
Процесор,Intel Core i7,99,68544,red.png,4.18 GHz,4,Ні
Процесор,Intel Core i9,25,93986,white.png,3.27 GHz,5,Так
Процесор,AMD Ryzen 7,17,66328,white.png,4.9 GHz,9,Ні
Процесор,Intel Core i9,86,83913,green.png,4.08 GHz,8,Так
Процесор,AMD Ryzen 9,100,88069,red.png,2.08 GHz,14,Так
Процесор,Intel Core i9,73,88661,red.png,3.73 GHz,5,Ні
Процесор,AMD Ryzen 9,29,68064,blue.png,4.38 GHz,9,Ні
Процесор,Intel Core i5,65,13146,blue.png,4.77 GHz,14,Так
Процесор,Intel Core i7,70,93350,green.png,3.16 GHz,15,Так
Процесор,Intel Core i7,85,22239,green.png,2.02 GHz,14,Ні
Процесор,AMD Ryzen 7,33,27252,white.png,2.08 GHz,16,Так
Процесор,AMD Ryzen 7,19,76857,blue.png,4.23 GHz,9,Ні
Процесор,AMD Ryzen 7,57,47188,blue.png,4.89 GHz,9,Ні
Процесор,AMD Ryzen 7,84,60886,red.png,2.9 GHz,9,Так
Процесор,AMD Ryzen 9,19,47189,blue.png,2.42 GHz,15,Ні
Процесор,AMD Ryzen 9,44,32009,white.png,2.13 GHz,8,Так
Процесор,Intel Core i5,56,53914,red.png,3.32 GHz,13,Ні
Процесор,Intel Core i7,86,49107,blue.png,2.09 GHz,4,Так
Процесор,AMD Ryzen 7,63,86750,blue.png,3.87 GHz,11,Ні
Процесор,Intel Core i5,21,51410,green.png,2.1 GHz,16,Ні
Процесор,AMD Ryzen 7,57,44968,white.png,2.36 GHz,14,Ні
Процесор,AMD Ryzen 9,37,48809,red.png,2.03 GHz,11,Ні
Процесор,Intel Core i7,81,25535,white.png,4.08 GHz,9,Ні
Процесор,Intel Core i9,29,94715,blue.png,3.62 GHz,13,Ні
Процесор,Intel Core i9,69,13732,red.png,3.74 GHz,12,Так
Процесор,AMD Ryzen 9,20,75902,blue.png,4.21 GHz,9,Ні
Процесор,AMD Ryzen 7,29,50856,blue.png,4.42 GHz,11,Так
Процесор,Intel Core i9,39,43067,white.png,3.85 GHz,16,Ні
Процесор,AMD Ryzen 7,14,34938,blue.png,3.92 GHz,15,Ні
Процесор,Intel Core i7,15,82605,blue.png,3.25 GHz,9,Так
Процесор,Intel Core i9,33,27921,green.png,3.4 GHz,12,Ні
Процесор,AMD Ryzen 7,25,60246,green.png,4.35 GHz,16,Так
Процесор,Intel Core i7,10,71993,blue.png,2.66 GHz,12,Так
Процесор,Intel Core i7,28,47166,red.png,4.18 GHz,15,Ні
Процесор,AMD Ryzen 9,46,93766,green.png,4.86 GHz,10,Так
Процесор,AMD Ryzen 7,53,14530,green.png,2.45 GHz,11,Так
Процесор,Intel Core i5,91,30888,blue.png,2.19 GHz,5,Ні
Процесор,AMD Ryzen 7,4,60064,red.png,2.25 GHz,5,Ні
Процесор,Intel Core i5,33,84340,green.png,3.61 GHz,5,Так
Процесор,AMD Ryzen 7,32,52500,white.png,3.75 GHz,11,Ні
Процесор,AMD Ryzen 9,6,11098,green.png,3.49 GHz,10,Так
Процесор,AMD Ryzen 9,6,96133,red.png,4.88 GHz,13,Так
Процесор,AMD Ryzen 9,74,93366,green.png,3.67 GHz,12,Ні
Процесор,Intel Core i5,80,47765,blue.png,4.34 GHz,15,Так
Процесор,Intel Core i7,3,42573,white.png,3.28 GHz,4,Ні
Процесор,Intel Core i9,83,46957,green.png,3.19 GHz,9,Ні
Процесор,Intel Core i7,98,17998,white.png,4.92 GHz,4,Ні
Процесор,Intel Core i9,93,87404,green.png,3.09 GHz,8,Ні
Процесор,Intel Core i9,42,36515,blue.png,4.91 GHz,10,Ні
Процесор,Intel Core i9,97,65474,red.png,3.77 GHz,5,Так
Процесор,AMD Ryzen 9,56,71782,green.png,3.05 GHz,9,Ні
Процесор,AMD Ryzen 7,14,75184,green.png,3.72 GHz,11,Так
Процесор,Intel Core i7,83,79909,red.png,2.46 GHz,12,Так
Процесор,AMD Ryzen 9,80,74683,blue.png,3.8 GHz,10,Ні
Процесор,Intel Core i9,25,36516,green.png,3.26 GHz,11,Так
Процесор,AMD Ryzen 7,16,24368,blue.png,4.86 GHz,11,Так
Процесор,Intel Core i7,28,26467,red.png,3.96 GHz,16,Так
Процесор,AMD Ryzen 7,98,67137,blue.png,3.52 GHz,6,Ні
Процесор,Intel Core i5,96,35182,red.png,3.72 GHz,7,Так
Процесор,AMD Ryzen 7,19,49644,red.png,3.6 GHz,15,Ні
Процесор,AMD Ryzen 7,69,36448,red.png,2.49 GHz,8,Так
Процесор,Intel Core i5,43,84047,red.png,3.62 GHz,12,Ні
Процесор,AMD Ryzen 7,20,91010,red.png,2.53 GHz,15,Ні
Процесор,AMD Ryzen 7,62,88840,green.png,4.06 GHz,5,Так
Процесор,Intel Core i7,27,11931,blue.png,4.93 GHz,14,Так
Процесор,AMD Ryzen 9,38,76444,green.png,4.81 GHz,4,Так
Процесор,AMD Ryzen 9,43,51032,blue.png,4.86 GHz,12,Так
Процесор,Intel Core i7,42,33394,green.png,2.77 GHz,7,Ні
Процесор,Intel Core i9,20,13411,white.png,4.83 GHz,13,Так
Процесор,Intel Core i7,94,48467,blue.png,4.33 GHz,5,Ні
Процесор,Intel Core i7,75,77202,green.png,2.27 GHz,13,Так
Процесор,Intel Core i5,58,95098,white.png,3.67 GHz,12,Так
Процесор,Intel Core i7,0,74103,green.png,2.94 GHz,5,Так
Процесор,Intel Core i7,71,13215,red.png,4.12 GHz,11,Ні
Процесор,AMD Ryzen 7,32,57779,blue.png,3.97 GHz,15,Так
Процесор,Intel Core i9,92,26673,green.png,4.82 GHz,4,Ні
Процесор,Intel Core i5,15,46447,blue.png,3.24 GHz,7,Так
Процесор,AMD Ryzen 7,70,97313,white.png,2.35 GHz,15,Ні
Процесор,AMD Ryzen 9,97,56999,green.png,3.4 GHz,12,Так
Процесор,AMD Ryzen 7,40,86264,blue.png,2.69 GHz,6,Ні
Процесор,AMD Ryzen 7,91,16106,green.png,3.43 GHz,12,Ні
Процесор,Intel Core i7,89,80058,blue.png,4.49 GHz,7,Так
Процесор,AMD Ryzen 9,84,41571,blue.png,2.15 GHz,5,Так
Процесор,AMD Ryzen 7,46,36328,red.png,3.83 GHz,15,Ні
Процесор,AMD Ryzen 9,0,73899,green.png,3.15 GHz,7,Так
Процесор,AMD Ryzen 9,25,24926,blue.png,3.59 GHz,6,Так
Процесор,AMD Ryzen 9,38,46004,white.png,2.73 GHz,10,Ні
Процесор,AMD Ryzen 9,16,68654,white.png,4.64 GHz,9,Ні
Процесор,Intel Core i5,74,27198,blue.png,3.5 GHz,10,Ні
Процесор,AMD Ryzen 9,12,46686,green.png,3.78 GHz,11,Так
Процесор,AMD Ryzen 9,26,80793,blue.png,2.37 GHz,9,Так
Процесор,Intel Core i7,66,91277,white.png,3.65 GHz,11,Ні
Процесор,AMD Ryzen 9,80,16979,green.png,3.31 GHz,10,Ні
Процесор,Intel Core i9,6,66915,green.png,4.76 GHz,5,Ні
Процесор,Intel Core i5,30,35714,white.png,2.02 GHz,8,Ні
Процесор,Intel Core i7,7,96999,white.png,4.65 GHz,14,Так
Процесор,AMD Ryzen 9,55,29054,white.png,4.52 GHz,10,Так
Процесор,AMD Ryzen 9,8,73483,green.png,2.61 GHz,8,Ні
Процесор,Intel Core i5,97,24563,blue.png,2.39 GHz,10,Так
Процесор,Intel Core i7,82,21136,blue.png,3.97 GHz,9,Ні
Процесор,Intel Core i5,82,61448,red.png,2.23 GHz,4,Так
Процесор,AMD Ryzen 7,27,44345,red.png,4.11 GHz,15,Так
Процесор,AMD Ryzen 9,87,52875,white.png,2.89 GHz,14,Ні
Процесор,Intel Core i5,62,82824,white.png,3.86 GHz,16,Так
Процесор,Intel Core i9,31,53921,white.png,3.54 GHz,8,Ні
Процесор,Intel Core i9,61,60326,red.png,4.57 GHz,14,Так
Процесор,AMD Ryzen 9,64,32873,blue.png,2.62 GHz,13,Так
Процесор,Intel Core i5,23,54121,red.png,4.57 GHz,8,Ні
Процесор,AMD Ryzen 9,59,59194,white.png,2.44 GHz,16,Ні
Процесор,AMD Ryzen 9,100,40532,blue.png,2.37 GHz,15,Так
Процесор,AMD Ryzen 9,94,49050,white.png,4.11 GHz,4,Ні
Процесор,Intel Core i9,12,21790,white.png,3.01 GHz,15,Так
Процесор,Intel Core i9,4,55807,blue.png,3.76 GHz,12,Так
Процесор,AMD Ryzen 9,42,97006,blue.png,2.81 GHz,12,Ні
Процесор,AMD Ryzen 9,60,61461,red.png,2.09 GHz,6,Ні
Процесор,Intel Core i9,99,26169,blue.png,4.13 GHz,4,Так
Процесор,AMD Ryzen 9,57,86892,green.png,2.22 GHz,9,Ні
Процесор,AMD Ryzen 7,21,40138,green.png,2.8 GHz,13,Так
Процесор,AMD Ryzen 7,21,59480,red.png,3.32 GHz,9,Ні
Процесор,Intel Core i7,60,61328,green.png,4.51 GHz,6,Ні
Процесор,AMD Ryzen 9,75,17659,red.png,4.21 GHz,11,Так
Процесор,AMD Ryzen 7,72,67572,green.png,3.54 GHz,4,Ні
Процесор,Intel Core i9,45,42069,red.png,3.79 GHz,8,Ні
Процесор,Intel Core i9,5,62994,blue.png,2.27 GHz,11,Так
Процесор,Intel Core i9,1,47759,green.png,4.12 GHz,4,Ні
Процесор,Intel Core i5,91,60932,blue.png,2.24 GHz,16,Так
Процесор,Intel Core i5,41,21319,white.png,2.42 GHz,6,Ні
Процесор,Intel Core i5,40,84418,blue.png,2.75 GHz,13,Ні
Процесор,AMD Ryzen 9,29,22144,green.png,3.88 GHz,12,Так
Процесор,Intel Core i5,54,65183,white.png,4.7 GHz,14,Ні
Процесор,Intel Core i7,97,41902,green.png,3.47 GHz,7,Ні
Процесор,Intel Core i7,93,15147,red.png,4.76 GHz,15,Ні
Процесор,AMD Ryzen 7,4,69956,green.png,3.39 GHz,13,Так
Процесор,Intel Core i9,4,32695,green.png,2.91 GHz,8,Так
Процесор,AMD Ryzen 9,74,58107,blue.png,4.37 GHz,7,Так
Процесор,Intel Core i5,28,80119,white.png,2.25 GHz,7,Так
Процесор,AMD Ryzen 9,45,20986,white.png,3.63 GHz,15,Так
Процесор,Intel Core i5,34,16096,blue.png,4.46 GHz,8,Ні
Процесор,Intel Core i7,92,37830,blue.png,2.36 GHz,15,Ні
Процесор,Intel Core i5,2,25550,blue.png,2.66 GHz,5,Так
Процесор,AMD Ryzen 9,65,67954,blue.png,2.15 GHz,4,Ні
Процесор,Intel Core i5,28,52376,green.png,3.43 GHz,6,Так
Процесор,AMD Ryzen 9,31,85785,white.png,3.9 GHz,4,Так
Процесор,AMD Ryzen 7,77,80387,white.png,3.45 GHz,7,Ні
Процесор,AMD Ryzen 7,57,72108,red.png,2.95 GHz,12,Так
Процесор,Intel Core i9,56,73293,green.png,4.74 GHz,9,Так
Процесор,AMD Ryzen 9,69,17831,white.png,3.87 GHz,7,Так
Процесор,AMD Ryzen 7,30,58736,green.png,3.36 GHz,8,Так
Процесор,AMD Ryzen 9,100,61091,green.png,3.88 GHz,8,Ні
Процесор,Intel Core i9,13,84333,green.png,2.11 GHz,5,Так
Процесор,AMD Ryzen 7,63,70966,green.png,2.28 GHz,4,Так
Процесор,Intel Core i5,19,41931,red.png,5.0 GHz,11,Так
Процесор,Intel Core i5,67,51102,red.png,3.39 GHz,8,Ні
Процесор,Intel Core i9,17,55977,green.png,2.95 GHz,8,Ні
Материнська плата,Gigabyte AORUS,58,16802,blue.png,Mini-ITX,AMD,AM4,4,DDR4,1
Материнська плата,Biostar Racing,2,55473,blue.png,ATX,Intel,LGA 1200,2,DDR5,2
Материнська плата,Biostar Racing,69,76282,blue.png,Mini-ITX,AMD,LGA 1200,3,DDR5,1
Материнська плата,ASRock Phantom,89,76563,white.png,Mini-ITX,AMD,AM4,6,DDR5,1
Материнська плата,ASRock Phantom,37,88145,green.png,Mini-ITX,AMD,LGA 1200,8,DDR5,1
Материнська плата,ASRock Phantom,16,86601,white.png,Micro-ATX,AMD,AM4,2,DDR5,1
Материнська плата,MSI MAG,59,46734,green.png,Mini-ITX,AMD,AM4,7,DDR4,3
Материнська плата,MSI MAG,74,99000,red.png,ATX,Intel,LGA 1200,5,DDR5,4
Материнська плата,ASUS ROG,9,74746,white.png,Mini-ITX,Intel,LGA 1200,2,DDR5,2
Материнська плата,ASUS ROG,73,83520,green.png,Micro-ATX,Intel,LGA 1200,3,DDR5,4
Материнська плата,ASUS ROG,8,73585,blue.png,Micro-ATX,Intel,LGA 1200,7,DDR5,2
Материнська плата,ASRock Phantom,63,88153,blue.png,Mini-ITX,Intel,LGA 1200,7,DDR4,1
Материнська плата,ASUS ROG,75,39969,green.png,Mini-ITX,Intel,AM4,2,DDR5,3
Материнська плата,MSI MAG,85,44320,blue.png,ATX,AMD,LGA 1200,6,DDR5,4
Материнська плата,ASRock Phantom,17,76368,red.png,Mini-ITX,Intel,LGA 1200,6,DDR5,1
Материнська плата,Biostar Racing,80,93466,white.png,ATX,Intel,AM4,8,DDR5,4
Материнська плата,Gigabyte AORUS,70,69828,white.png,Mini-ITX,Intel,AM4,6,DDR5,4
Материнська плата,ASRock Phantom,74,89358,red.png,ATX,AMD,LGA 1200,7,DDR4,2
Материнська плата,Gigabyte AORUS,25,98528,green.png,Micro-ATX,AMD,AM4,8,DDR4,1
Материнська плата,Gigabyte AORUS,1,40990,red.png,Mini-ITX,Intel,LGA 1200,2,DDR4,1
Материнська плата,Biostar Racing,99,75586,blue.png,ATX,Intel,AM4,4,DDR4,1
Материнська плата,MSI MAG,97,81802,blue.png,ATX,AMD,AM4,7,DDR5,4
Материнська плата,Biostar Racing,25,61173,red.png,Mini-ITX,AMD,AM4,5,DDR4,2
Материнська плата,Gigabyte AORUS,55,70313,green.png,Micro-ATX,Intel,LGA 1200,2,DDR4,4
Материнська плата,MSI MAG,8,53074,red.png,ATX,Intel,AM4,3,DDR4,3
Материнська плата,Gigabyte AORUS,34,97498,red.png,Mini-ITX,AMD,AM4,2,DDR5,2
Материнська плата,ASRock Phantom,61,89651,blue.png,ATX,AMD,LGA 1200,5,DDR5,3
Материнська плата,MSI MAG,87,61146,red.png,Micro-ATX,AMD,LGA 1200,7,DDR5,2
Материнська плата,ASUS ROG,18,15233,red.png,ATX,AMD,AM4,6,DDR4,3
Материнська плата,ASRock Phantom,67,94940,red.png,Micro-ATX,AMD,LGA 1200,3,DDR5,2
Материнська плата,ASUS ROG,87,55419,red.png,Micro-ATX,Intel,AM4,7,DDR5,1
Материнська плата,ASUS ROG,85,14289,green.png,Mini-ITX,Intel,LGA 1200,5,DDR5,2
Материнська плата,MSI MAG,60,10565,blue.png,Mini-ITX,AMD,LGA 1200,6,DDR5,2
Материнська плата,Biostar Racing,54,76114,white.png,Mini-ITX,Intel,LGA 1200,5,DDR4,3
Материнська плата,ASRock Phantom,17,56821,blue.png,ATX,Intel,LGA 1200,6,DDR4,2
Материнська плата,ASUS ROG,45,38068,blue.png,Mini-ITX,Intel,LGA 1200,8,DDR5,3
Материнська плата,ASRock Phantom,63,62757,red.png,ATX,Intel,AM4,3,DDR5,1
Материнська плата,ASUS ROG,83,74997,red.png,Micro-ATX,AMD,LGA 1200,6,DDR4,4
Материнська плата,Gigabyte AORUS,57,44120,red.png,Micro-ATX,Intel,AM4,6,DDR5,3
Материнська плата,Gigabyte AORUS,64,67415,red.png,ATX,Intel,LGA 1200,7,DDR5,1
Материнська плата,ASUS ROG,94,16794,red.png,Micro-ATX,AMD,AM4,5,DDR4,4
Материнська плата,ASRock Phantom,12,63393,red.png,Micro-ATX,AMD,AM4,7,DDR5,1
Материнська плата,ASUS ROG,7,63221,blue.png,ATX,AMD,LGA 1200,3,DDR5,1
Материнська плата,Biostar Racing,86,51627,white.png,Micro-ATX,AMD,AM4,4,DDR5,3
Материнська плата,Biostar Racing,87,81354,blue.png,Micro-ATX,AMD,LGA 1200,2,DDR5,2
Материнська плата,Gigabyte AORUS,24,86465,white.png,ATX,AMD,LGA 1200,5,DDR4,2
Материнська плата,ASRock Phantom,61,31184,blue.png,Mini-ITX,AMD,LGA 1200,3,DDR5,2
Материнська плата,ASRock Phantom,4,33995,white.png,Mini-ITX,AMD,LGA 1200,5,DDR4,3
Материнська плата,Gigabyte AORUS,10,62279,white.png,Micro-ATX,AMD,AM4,5,DDR4,3
Материнська плата,MSI MAG,80,45530,red.png,ATX,AMD,LGA 1200,8,DDR4,3
Материнська плата,Gigabyte AORUS,60,98158,green.png,ATX,Intel,LGA 1200,7,DDR5,4
Материнська плата,ASUS ROG,43,67879,red.png,ATX,AMD,AM4,4,DDR4,3
Материнська плата,Gigabyte AORUS,33,49617,white.png,ATX,Intel,AM4,3,DDR5,1
Материнська плата,ASUS ROG,66,56574,red.png,Micro-ATX,AMD,LGA 1200,7,DDR4,1
Материнська плата,ASUS ROG,47,97594,blue.png,Mini-ITX,AMD,LGA 1200,3,DDR4,4
Материнська плата,Gigabyte AORUS,24,16170,white.png,Mini-ITX,AMD,AM4,5,DDR5,1
Материнська плата,Gigabyte AORUS,34,57955,red.png,Mini-ITX,AMD,AM4,2,DDR5,4
Материнська плата,ASUS ROG,98,77537,blue.png,Micro-ATX,Intel,LGA 1200,5,DDR5,2
Материнська плата,Gigabyte AORUS,55,68842,white.png,ATX,AMD,LGA 1200,8,DDR4,1
Материнська плата,MSI MAG,42,83157,white.png,Mini-ITX,AMD,AM4,8,DDR5,2
Материнська плата,Biostar Racing,42,14833,red.png,ATX,AMD,LGA 1200,3,DDR4,2
Материнська плата,ASUS ROG,31,43964,blue.png,ATX,AMD,AM4,8,DDR4,3
Материнська плата,ASRock Phantom,54,14058,green.png,Mini-ITX,Intel,AM4,5,DDR5,3
Материнська плата,MSI MAG,20,69299,blue.png,Mini-ITX,AMD,LGA 1200,4,DDR4,3
Материнська плата,Biostar Racing,84,80240,red.png,Micro-ATX,AMD,LGA 1200,3,DDR4,3
Материнська плата,ASRock Phantom,53,40140,green.png,ATX,Intel,LGA 1200,2,DDR5,3
Материнська плата,ASRock Phantom,6,48012,blue.png,Micro-ATX,Intel,LGA 1200,8,DDR5,2
Материнська плата,Biostar Racing,49,83688,white.png,Mini-ITX,AMD,AM4,6,DDR4,4
Материнська плата,MSI MAG,15,22391,white.png,Micro-ATX,Intel,AM4,2,DDR4,4
Материнська плата,Biostar Racing,94,68990,red.png,ATX,AMD,LGA 1200,3,DDR5,3
Материнська плата,Gigabyte AORUS,52,70533,green.png,Mini-ITX,AMD,AM4,4,DDR5,1
Материнська плата,ASUS ROG,88,62707,green.png,ATX,Intel,LGA 1200,7,DDR5,3
Материнська плата,Biostar Racing,94,24384,white.png,Mini-ITX,AMD,AM4,4,DDR4,1
Материнська плата,ASUS ROG,57,57933,red.png,Mini-ITX,Intel,AM4,6,DDR4,3
Материнська плата,MSI MAG,1,77215,white.png,Micro-ATX,AMD,LGA 1200,3,DDR4,4
Материнська плата,ASUS ROG,63,60393,green.png,Mini-ITX,Intel,AM4,2,DDR4,4
Материнська плата,Biostar Racing,31,88178,red.png,Mini-ITX,Intel,LGA 1200,4,DDR4,2
Материнська плата,Gigabyte AORUS,89,28346,green.png,ATX,AMD,LGA 1200,4,DDR4,1
Материнська плата,MSI MAG,11,37202,green.png,Micro-ATX,AMD,AM4,6,DDR4,4
Материнська плата,Gigabyte AORUS,70,88569,blue.png,Mini-ITX,Intel,LGA 1200,6,DDR4,4
Материнська плата,MSI MAG,18,91325,red.png,Mini-ITX,AMD,LGA 1200,8,DDR4,2
Материнська плата,Biostar Racing,34,97955,white.png,Mini-ITX,Intel,AM4,8,DDR4,1
Материнська плата,ASUS ROG,97,66378,blue.png,Micro-ATX,AMD,AM4,5,DDR5,2
Материнська плата,Biostar Racing,55,48551,blue.png,Mini-ITX,Intel,AM4,3,DDR5,3
Материнська плата,Biostar Racing,91,72001,white.png,Mini-ITX,AMD,AM4,7,DDR4,4
Материнська плата,MSI MAG,76,82064,green.png,Micro-ATX,AMD,LGA 1200,4,DDR5,2
Материнська плата,ASUS ROG,85,75922,blue.png,Micro-ATX,AMD,AM4,2,DDR4,1
Материнська плата,MSI MAG,24,44140,red.png,Mini-ITX,Intel,AM4,5,DDR5,1
Материнська плата,Biostar Racing,25,15691,green.png,Micro-ATX,Intel,AM4,6,DDR4,3
Материнська плата,ASRock Phantom,70,90386,white.png,Mini-ITX,AMD,AM4,2,DDR5,3
Материнська плата,ASUS ROG,8,28309,green.png,Mini-ITX,AMD,LGA 1200,6,DDR4,1
Материнська плата,Gigabyte AORUS,40,65074,red.png,Mini-ITX,AMD,AM4,2,DDR5,1
Материнська плата,ASUS ROG,25,43798,red.png,Mini-ITX,AMD,AM4,3,DDR4,3
Материнська плата,ASRock Phantom,39,75525,red.png,Micro-ATX,AMD,AM4,8,DDR4,2
Материнська плата,MSI MAG,81,74132,blue.png,ATX,AMD,LGA 1200,2,DDR4,1
Материнська плата,ASRock Phantom,100,15862,green.png,ATX,Intel,LGA 1200,4,DDR4,2
Материнська плата,Biostar Racing,32,52144,white.png,ATX,AMD,AM4,7,DDR4,3
Материнська плата,Biostar Racing,26,29613,blue.png,Micro-ATX,Intel,LGA 1200,5,DDR5,2
Материнська плата,ASUS ROG,88,40502,red.png,Mini-ITX,Intel,LGA 1200,6,DDR5,4
Материнська плата,ASRock Phantom,92,54112,blue.png,ATX,AMD,AM4,4,DDR4,4
Материнська плата,ASUS ROG,70,79485,red.png,ATX,Intel,LGA 1200,4,DDR4,4
Материнська плата,Gigabyte AORUS,80,54119,red.png,Mini-ITX,Intel,LGA 1200,5,DDR4,4
Материнська плата,Gigabyte AORUS,5,34627,red.png,ATX,Intel,LGA 1200,5,DDR4,4
Материнська плата,ASRock Phantom,34,66975,white.png,ATX,AMD,LGA 1200,3,DDR5,1
Материнська плата,MSI MAG,71,84467,red.png,Mini-ITX,Intel,AM4,7,DDR5,2
Материнська плата,ASRock Phantom,79,37511,green.png,ATX,Intel,AM4,4,DDR5,1
Материнська плата,ASRock Phantom,53,83949,green.png,Micro-ATX,AMD,LGA 1200,3,DDR4,1
Материнська плата,ASUS ROG,42,26505,green.png,Micro-ATX,AMD,LGA 1200,8,DDR4,2
Материнська плата,ASRock Phantom,14,98733,green.png,Micro-ATX,AMD,LGA 1200,6,DDR4,3
Материнська плата,ASRock Phantom,76,24728,green.png,Mini-ITX,AMD,LGA 1200,4,DDR5,3
Материнська плата,ASRock Phantom,98,69352,blue.png,ATX,Intel,LGA 1200,5,DDR5,3
Материнська плата,Biostar Racing,51,74280,blue.png,Micro-ATX,Intel,AM4,3,DDR4,4
Материнська плата,Biostar Racing,83,34053,blue.png,Micro-ATX,AMD,LGA 1200,8,DDR5,3
Материнська плата,Gigabyte AORUS,38,26421,green.png,ATX,AMD,LGA 1200,5,DDR5,3
Материнська плата,ASRock Phantom,37,72527,blue.png,Mini-ITX,AMD,LGA 1200,6,DDR5,1
Материнська плата,MSI MAG,50,82120,red.png,Micro-ATX,Intel,AM4,6,DDR4,4
Материнська плата,Gigabyte AORUS,13,52882,blue.png,Micro-ATX,AMD,LGA 1200,2,DDR4,3
Материнська плата,MSI MAG,17,68601,blue.png,ATX,AMD,LGA 1200,7,DDR4,1
Материнська плата,ASUS ROG,18,66918,green.png,Mini-ITX,AMD,AM4,8,DDR4,1
Материнська плата,ASRock Phantom,94,20172,red.png,Mini-ITX,AMD,AM4,2,DDR5,3
Материнська плата,ASUS ROG,46,77789,blue.png,ATX,AMD,LGA 1200,3,DDR4,4
Материнська плата,Biostar Racing,7,33519,blue.png,ATX,Intel,AM4,6,DDR5,2
Материнська плата,Biostar Racing,26,27290,white.png,Mini-ITX,Intel,LGA 1200,7,DDR5,1
Материнська плата,MSI MAG,95,85111,green.png,Micro-ATX,Intel,AM4,2,DDR4,4
Материнська плата,Gigabyte AORUS,95,15689,white.png,ATX,AMD,LGA 1200,8,DDR5,2
Материнська плата,MSI MAG,33,15196,blue.png,ATX,Intel,AM4,8,DDR4,2
Материнська плата,Biostar Racing,17,82485,white.png,Mini-ITX,AMD,AM4,2,DDR5,1
Материнська плата,MSI MAG,23,16477,red.png,ATX,AMD,LGA 1200,2,DDR5,3
Материнська плата,Biostar Racing,98,98485,red.png,ATX,AMD,AM4,4,DDR4,2
Материнська плата,ASUS ROG,56,91011,blue.png,ATX,Intel,AM4,6,DDR4,4
Материнська плата,ASUS ROG,77,51397,red.png,ATX,AMD,AM4,6,DDR4,1
Материнська плата,MSI MAG,71,62541,red.png,Mini-ITX,Intel,AM4,8,DDR4,4
Материнська плата,Biostar Racing,42,33481,red.png,ATX,Intel,LGA 1200,2,DDR4,1
Материнська плата,Gigabyte AORUS,37,58117,green.png,Mini-ITX,Intel,LGA 1200,4,DDR4,2
Материнська плата,Biostar Racing,74,20671,red.png,ATX,Intel,LGA 1200,7,DDR5,4
Материнська плата,Biostar Racing,33,25653,red.png,ATX,AMD,LGA 1200,5,DDR4,1
Материнська плата,ASRock Phantom,4,72452,white.png,Mini-ITX,AMD,LGA 1200,8,DDR5,1
Материнська плата,Gigabyte AORUS,59,38268,red.png,ATX,Intel,AM4,5,DDR4,1
Материнська плата,Gigabyte AORUS,6,72554,red.png,ATX,Intel,LGA 1200,2,DDR4,1
Материнська плата,ASUS ROG,56,58340,red.png,Mini-ITX,Intel,AM4,6,DDR5,3
Материнська плата,ASRock Phantom,49,16136,blue.png,Micro-ATX,AMD,AM4,4,DDR4,2
Материнська плата,ASUS ROG,69,23290,green.png,Micro-ATX,AMD,LGA 1200,2,DDR4,3
Материнська плата,ASRock Phantom,26,50167,blue.png,Mini-ITX,AMD,LGA 1200,5,DDR4,2
Материнська плата,Biostar Racing,77,54801,green.png,ATX,AMD,AM4,2,DDR5,3
Материнська плата,MSI MAG,58,67417,red.png,Micro-ATX,Intel,LGA 1200,7,DDR4,2
Материнська плата,ASUS ROG,48,26039,blue.png,Mini-ITX,Intel,AM4,7,DDR5,1
Материнська плата,Gigabyte AORUS,34,17946,white.png,Mini-ITX,Intel,AM4,4,DDR5,3
Материнська плата,ASUS ROG,36,57997,red.png,Micro-ATX,Intel,LGA 1200,7,DDR5,4
Материнська плата,ASRock Phantom,33,22173,blue.png,ATX,AMD,LGA 1200,4,DDR4,1
Материнська плата,Gigabyte AORUS,12,65219,red.png,ATX,AMD,LGA 1200,2,DDR4,4
Материнська плата,MSI MAG,20,25778,red.png,Micro-ATX,Intel,AM4,5,DDR4,1
Материнська плата,Biostar Racing,57,41761,white.png,ATX,Intel,LGA 1200,2,DDR4,4
Материнська плата,ASUS ROG,89,71454,blue.png,Mini-ITX,AMD,AM4,7,DDR5,2
Материнська плата,MSI MAG,86,78199,red.png,Micro-ATX,AMD,AM4,7,DDR4,4
Материнська плата,Biostar Racing,85,57312,white.png,Mini-ITX,Intel,AM4,7,DDR4,1
Материнська плата,Gigabyte AORUS,30,45490,white.png,ATX,AMD,AM4,6,DDR5,1
Материнська плата,Biostar Racing,91,37445,blue.png,ATX,Intel,LGA 1200,6,DDR4,4
Материнська плата,ASUS ROG,86,49222,red.png,Mini-ITX,AMD,AM4,6,DDR4,2
Материнська плата,ASRock Phantom,2,38594,white.png,Mini-ITX,Intel,LGA 1200,4,DDR5,2
Материнська плата,Gigabyte AORUS,32,19260,white.png,Mini-ITX,Intel,AM4,4,DDR4,4
Материнська плата,MSI MAG,17,53492,red.png,Mini-ITX,Intel,LGA 1200,7,DDR4,4
Материнська плата,MSI MAG,54,86029,white.png,ATX,Intel,AM4,7,DDR5,1
Материнська плата,ASRock Phantom,67,38502,blue.png,ATX,AMD,LGA 1200,8,DDR4,3
Материнська плата,Gigabyte AORUS,53,97419,white.png,Micro-ATX,AMD,AM4,8,DDR5,4
Материнська плата,Gigabyte AORUS,9,62109,red.png,ATX,Intel,LGA 1200,3,DDR4,4
Материнська плата,ASRock Phantom,64,20606,white.png,ATX,AMD,LGA 1200,7,DDR4,1
Материнська плата,ASRock Phantom,43,58634,white.png,Mini-ITX,Intel,AM4,8,DDR5,3
Материнська плата,ASUS ROG,61,69135,white.png,Micro-ATX,Intel,AM4,8,DDR4,3
Материнська плата,ASUS ROG,4,33100,green.png,Mini-ITX,Intel,LGA 1200,4,DDR5,3
Материнська плата,ASRock Phantom,78,77081,red.png,ATX,Intel,AM4,3,DDR5,1
Материнська плата,Biostar Racing,48,48539,red.png,Micro-ATX,AMD,LGA 1200,4,DDR5,2
Материнська плата,ASUS ROG,64,35995,red.png,ATX,AMD,LGA 1200,5,DDR5,1
Материнська плата,MSI MAG,99,49812,red.png,Micro-ATX,AMD,LGA 1200,3,DDR5,2
Материнська плата,Gigabyte AORUS,37,38781,blue.png,ATX,AMD,LGA 1200,4,DDR5,1
Материнська плата,ASUS ROG,43,36065,green.png,Micro-ATX,AMD,LGA 1200,6,DDR5,1
Материнська плата,ASRock Phantom,12,93984,red.png,Micro-ATX,Intel,AM4,8,DDR5,4
Материнська плата,Biostar Racing,49,90681,green.png,Micro-ATX,Intel,LGA 1200,8,DDR5,4
Материнська плата,ASRock Phantom,10,53411,white.png,Mini-ITX,AMD,AM4,7,DDR4,2
Материнська плата,ASUS ROG,56,49462,blue.png,ATX,Intel,AM4,8,DDR5,1
Материнська плата,Gigabyte AORUS,92,55006,red.png,Micro-ATX,AMD,LGA 1200,4,DDR5,3
Материнська плата,MSI MAG,29,80574,red.png,Micro-ATX,Intel,LGA 1200,8,DDR4,2
Оперативна пам'ять,Corsair Vengeance,1,87491,red.png,DDR5,26 GB,3600 MHz
Оперативна пам'ять,Crucial Ballistix,0,17079,green.png,DDR4,16 GB,2400 MHz
Оперативна пам'ять,G.Skill Ripjaws,33,15896,blue.png,DDR4,11 GB,3200 MHz
Оперативна пам'ять,Patriot Viper,1,41828,white.png,DDR5,36 GB,3600 MHz
Оперативна пам'ять,Crucial Ballistix,32,19834,red.png,DDR5,39 GB,2400 MHz
Оперативна пам'ять,G.Skill Ripjaws,20,26014,green.png,DDR4,20 GB,3200 MHz
Оперативна пам'ять,Crucial Ballistix,2,30821,green.png,DDR4,43 GB,3200 MHz
Оперативна пам'ять,Patriot Viper,91,32308,green.png,DDR4,31 GB,3200 MHz
Оперативна пам'ять,Kingston HyperX,75,72141,blue.png,DDR4,44 GB,3600 MHz
Оперативна пам'ять,Kingston HyperX,59,73506,green.png,DDR4,19 GB,2400 MHz
Оперативна пам'ять,Corsair Vengeance,64,50862,white.png,DDR4,11 GB,2400 MHz
Оперативна пам'ять,Kingston HyperX,98,73706,red.png,DDR4,43 GB,3600 MHz
Оперативна пам'ять,Patriot Viper,60,41244,green.png,DDR5,58 GB,2400 MHz
Оперативна пам'ять,G.Skill Ripjaws,11,82761,white.png,DDR5,6 GB,2400 MHz
Оперативна пам'ять,Patriot Viper,98,17588,blue.png,DDR4,28 GB,3600 MHz
Оперативна пам'ять,G.Skill Ripjaws,77,99343,red.png,DDR4,45 GB,2400 MHz
Оперативна пам'ять,Patriot Viper,11,23612,green.png,DDR4,53 GB,3200 MHz
Оперативна пам'ять,Corsair Vengeance,100,54209,green.png,DDR5,26 GB,3200 MHz
Оперативна пам'ять,Kingston HyperX,67,87635,red.png,DDR5,54 GB,3200 MHz
Оперативна пам'ять,Patriot Viper,46,68506,green.png,DDR4,27 GB,3200 MHz
Оперативна пам'ять,Crucial Ballistix,4,21892,green.png,DDR5,38 GB,3200 MHz
Оперативна пам'ять,Kingston HyperX,54,92187,white.png,DDR5,26 GB,3600 MHz
Оперативна пам'ять,Crucial Ballistix,56,29501,red.png,DDR4,54 GB,3600 MHz
Оперативна пам'ять,Crucial Ballistix,18,39132,green.png,DDR4,38 GB,3600 MHz
Оперативна пам'ять,Corsair Vengeance,51,30539,white.png,DDR5,40 GB,3600 MHz
Оперативна пам'ять,Crucial Ballistix,35,81239,red.png,DDR5,39 GB,2400 MHz
Оперативна пам'ять,Crucial Ballistix,49,31229,red.png,DDR4,64 GB,3600 MHz
Оперативна пам'ять,Corsair Vengeance,60,42813,blue.png,DDR4,20 GB,2400 MHz
Оперативна пам'ять,Crucial Ballistix,54,68007,red.png,DDR5,24 GB,2400 MHz
Оперативна пам'ять,Crucial Ballistix,94,26777,white.png,DDR5,31 GB,3200 MHz
Оперативна пам'ять,G.Skill Ripjaws,21,48801,red.png,DDR4,16 GB,3200 MHz
Оперативна пам'ять,Corsair Vengeance,50,38723,green.png,DDR5,48 GB,3200 MHz
Оперативна пам'ять,Patriot Viper,25,13734,blue.png,DDR4,56 GB,3200 MHz
Оперативна пам'ять,G.Skill Ripjaws,27,18449,red.png,DDR4,9 GB,2400 MHz
Оперативна пам'ять,Kingston HyperX,43,40473,blue.png,DDR4,23 GB,3200 MHz
Оперативна пам'ять,Crucial Ballistix,50,16720,white.png,DDR5,26 GB,2400 MHz
Оперативна пам'ять,Kingston HyperX,93,14703,blue.png,DDR4,10 GB,3600 MHz
Оперативна пам'ять,Corsair Vengeance,90,71207,white.png,DDR4,5 GB,3600 MHz
Оперативна пам'ять,G.Skill Ripjaws,45,58279,red.png,DDR4,38 GB,3600 MHz
Оперативна пам'ять,G.Skill Ripjaws,100,26787,green.png,DDR5,25 GB,2400 MHz
Оперативна пам'ять,Patriot Viper,33,93279,white.png,DDR4,20 GB,2400 MHz
Оперативна пам'ять,G.Skill Ripjaws,43,35468,green.png,DDR5,60 GB,3200 MHz
Оперативна пам'ять,Corsair Vengeance,3,27962,red.png,DDR5,39 GB,3200 MHz
Оперативна пам'ять,Patriot Viper,27,26199,green.png,DDR4,29 GB,3200 MHz
Оперативна пам'ять,Kingston HyperX,4,40149,red.png,DDR4,54 GB,3200 MHz
Оперативна пам'ять,Patriot Viper,26,64108,green.png,DDR4,44 GB,2400 MHz
Оперативна пам'ять,G.Skill Ripjaws,22,44920,red.png,DDR5,57 GB,2400 MHz
Оперативна пам'ять,Corsair Vengeance,98,50026,white.png,DDR5,64 GB,3600 MHz
Оперативна пам'ять,Corsair Vengeance,85,55758,white.png,DDR4,10 GB,3200 MHz
Оперативна пам'ять,Corsair Vengeance,52,75490,white.png,DDR4,12 GB,3200 MHz
Оперативна пам'ять,Corsair Vengeance,98,14349,white.png,DDR5,48 GB,3200 MHz
Оперативна пам'ять,G.Skill Ripjaws,47,25988,green.png,DDR4,53 GB,2400 MHz
Оперативна пам'ять,Patriot Viper,53,71033,blue.png,DDR4,32 GB,2400 MHz
Оперативна пам'ять,Kingston HyperX,49,77471,red.png,DDR5,60 GB,2400 MHz
Оперативна пам'ять,Patriot Viper,92,24865,red.png,DDR5,16 GB,3600 MHz
Оперативна пам'ять,G.Skill Ripjaws,36,34244,white.png,DDR5,9 GB,2400 MHz
Оперативна пам'ять,Crucial Ballistix,82,12857,red.png,DDR5,8 GB,3200 MHz
Оперативна пам'ять,Crucial Ballistix,3,33333,blue.png,DDR4,18 GB,3200 MHz
Оперативна пам'ять,G.Skill Ripjaws,64,11726,white.png,DDR5,63 GB,3200 MHz
Оперативна пам'ять,Crucial Ballistix,81,58415,red.png,DDR4,27 GB,3600 MHz
Оперативна пам'ять,G.Skill Ripjaws,88,63507,blue.png,DDR4,14 GB,2400 MHz
Оперативна пам'ять,Corsair Vengeance,33,95444,white.png,DDR4,60 GB,3200 MHz
Оперативна пам'ять,Kingston HyperX,7,90037,blue.png,DDR5,39 GB,3200 MHz
Оперативна пам'ять,Patriot Viper,46,27561,blue.png,DDR5,50 GB,3200 MHz
Оперативна пам'ять,Crucial Ballistix,14,12932,red.png,DDR5,64 GB,2400 MHz
Оперативна пам'ять,Crucial Ballistix,51,66230,blue.png,DDR4,31 GB,3600 MHz
Оперативна пам'ять,Corsair Vengeance,14,49245,blue.png,DDR4,55 GB,3600 MHz
Оперативна пам'ять,Corsair Vengeance,23,56393,green.png,DDR4,33 GB,2400 MHz
Оперативна пам'ять,Corsair Vengeance,12,82980,green.png,DDR5,58 GB,2400 MHz
Оперативна пам'ять,Crucial Ballistix,4,94460,white.png,DDR4,12 GB,3600 MHz
Оперативна пам'ять,Patriot Viper,14,84302,blue.png,DDR4,14 GB,3600 MHz
Оперативна пам'ять,Kingston HyperX,44,11398,blue.png,DDR4,53 GB,3600 MHz
Оперативна пам'ять,Patriot Viper,0,39590,white.png,DDR4,46 GB,3600 MHz
Оперативна пам'ять,G.Skill Ripjaws,95,61769,green.png,DDR4,31 GB,3600 MHz
Оперативна пам'ять,G.Skill Ripjaws,10,88440,white.png,DDR5,22 GB,2400 MHz
Оперативна пам'ять,Patriot Viper,28,83937,green.png,DDR5,37 GB,3200 MHz
Оперативна пам'ять,Crucial Ballistix,71,46167,green.png,DDR5,56 GB,3600 MHz
Оперативна пам'ять,Kingston HyperX,58,54361,green.png,DDR4,4 GB,2400 MHz
Оперативна пам'ять,Patriot Viper,62,29689,blue.png,DDR4,46 GB,3600 MHz
Оперативна пам'ять,Kingston HyperX,65,45511,white.png,DDR4,25 GB,3600 MHz
Оперативна пам'ять,G.Skill Ripjaws,82,59592,green.png,DDR5,50 GB,3200 MHz
Оперативна пам'ять,Corsair Vengeance,73,49737,green.png,DDR4,22 GB,3200 MHz
Оперативна пам'ять,Corsair Vengeance,67,53586,red.png,DDR4,38 GB,3600 MHz
Оперативна пам'ять,Corsair Vengeance,25,57035,blue.png,DDR4,63 GB,2400 MHz
Оперативна пам'ять,G.Skill Ripjaws,65,20534,blue.png,DDR5,48 GB,3600 MHz
Оперативна пам'ять,Corsair Vengeance,53,77522,red.png,DDR4,22 GB,3200 MHz
Оперативна пам'ять,Patriot Viper,52,27258,blue.png,DDR4,29 GB,3200 MHz
Оперативна пам'ять,Corsair Vengeance,22,53428,blue.png,DDR4,35 GB,2400 MHz
Оперативна пам'ять,Crucial Ballistix,29,77837,white.png,DDR4,63 GB,3600 MHz
Оперативна пам'ять,Corsair Vengeance,12,92482,red.png,DDR5,63 GB,3600 MHz
Оперативна пам'ять,Patriot Viper,69,63323,red.png,DDR4,52 GB,3200 MHz
Оперативна пам'ять,G.Skill Ripjaws,89,49835,red.png,DDR4,25 GB,3600 MHz
Оперативна пам'ять,Crucial Ballistix,0,66366,green.png,DDR5,14 GB,3600 MHz
Оперативна пам'ять,Kingston HyperX,20,53250,blue.png,DDR4,35 GB,3600 MHz
Оперативна пам'ять,Patriot Viper,73,91597,green.png,DDR4,51 GB,3600 MHz
Оперативна пам'ять,Kingston HyperX,30,77223,green.png,DDR5,31 GB,3600 MHz
Оперативна пам'ять,Corsair Vengeance,24,73554,blue.png,DDR5,55 GB,3200 MHz
Оперативна пам'ять,Kingston HyperX,32,77277,blue.png,DDR5,45 GB,3200 MHz
Оперативна пам'ять,Corsair Vengeance,81,30340,green.png,DDR5,61 GB,3600 MHz
Оперативна пам'ять,G.Skill Ripjaws,90,40408,green.png,DDR4,58 GB,2400 MHz
Оперативна пам'ять,Corsair Vengeance,33,91724,red.png,DDR4,24 GB,2400 MHz
Оперативна пам'ять,Kingston HyperX,30,36310,green.png,DDR5,28 GB,2400 MHz
Оперативна пам'ять,G.Skill Ripjaws,89,67461,red.png,DDR5,34 GB,3200 MHz
Оперативна пам'ять,Patriot Viper,25,74846,blue.png,DDR4,43 GB,2400 MHz
Оперативна пам'ять,Corsair Vengeance,53,57700,red.png,DDR5,53 GB,3600 MHz
Оперативна пам'ять,Corsair Vengeance,79,81111,white.png,DDR5,36 GB,3200 MHz
Оперативна пам'ять,Corsair Vengeance,95,35293,white.png,DDR5,22 GB,3200 MHz
Оперативна пам'ять,Kingston HyperX,59,68889,green.png,DDR4,50 GB,2400 MHz
Оперативна пам'ять,Crucial Ballistix,82,88705,white.png,DDR5,28 GB,3600 MHz
Оперативна пам'ять,Kingston HyperX,40,96364,green.png,DDR5,41 GB,3600 MHz
Оперативна пам'ять,Crucial Ballistix,16,36972,blue.png,DDR5,21 GB,3600 MHz
Оперативна пам'ять,Crucial Ballistix,30,31313,red.png,DDR4,4 GB,3200 MHz
Оперативна пам'ять,Corsair Vengeance,3,75909,red.png,DDR5,18 GB,3200 MHz
Оперативна пам'ять,Kingston HyperX,83,12816,white.png,DDR5,34 GB,3200 MHz
Оперативна пам'ять,G.Skill Ripjaws,37,29836,green.png,DDR5,7 GB,3200 MHz
Оперативна пам'ять,Crucial Ballistix,45,58607,blue.png,DDR4,47 GB,2400 MHz
Оперативна пам'ять,Corsair Vengeance,93,51668,red.png,DDR5,19 GB,2400 MHz
Оперативна пам'ять,Kingston HyperX,4,36522,white.png,DDR5,25 GB,3200 MHz
Накопичувачі,Seagate FireCuda,30,71179,green.png,SSD,1623 GB,1000 MB/s,4772 TBW
Накопичувачі,WD Black SN750,25,23199,blue.png,HDD,1020 GB,2000 MB/s,3505 TBW
Накопичувачі,Seagate FireCuda,84,85972,red.png,HDD,752 GB,2000 MB/s,4418 TBW
Накопичувачі,Kingston A2000,10,76390,blue.png,HDD,900 GB,2000 MB/s,2891 TBW
Накопичувачі,Samsung 970 EVO,80,89683,white.png,HDD,1026 GB,2000 MB/s,3999 TBW
Накопичувачі,Kingston A2000,54,80688,red.png,HDD,837 GB,1000 MB/s,4762 TBW
Накопичувачі,Kingston A2000,34,95076,white.png,HDD,420 GB,2000 MB/s,3012 TBW
Накопичувачі,WD Black SN750,11,48516,red.png,SSD,1621 GB,500 MB/s,3356 TBW
Накопичувачі,Seagate FireCuda,64,71891,red.png,SSD,415 GB,500 MB/s,3681 TBW
Накопичувачі,Samsung 970 EVO,1,79768,red.png,SSD,1976 GB,2000 MB/s,3029 TBW
Накопичувачі,Samsung 970 EVO,100,34028,red.png,SSD,657 GB,2000 MB/s,3205 TBW
Накопичувачі,Crucial P5,50,82218,white.png,SSD,1249 GB,500 MB/s,3635 TBW
Накопичувачі,WD Black SN750,35,62901,red.png,HDD,1142 GB,2000 MB/s,4965 TBW
Накопичувачі,Seagate FireCuda,72,77524,red.png,SSD,1558 GB,2000 MB/s,2940 TBW
Накопичувачі,Samsung 970 EVO,83,98984,red.png,SSD,1955 GB,500 MB/s,2596 TBW
Накопичувачі,WD Black SN750,89,64121,red.png,HDD,1555 GB,1000 MB/s,1142 TBW
Накопичувачі,Kingston A2000,74,51808,white.png,SSD,354 GB,2000 MB/s,1358 TBW
Накопичувачі,Seagate FireCuda,52,86921,white.png,HDD,1624 GB,2000 MB/s,2983 TBW
Накопичувачі,Kingston A2000,51,75334,white.png,SSD,525 GB,2000 MB/s,4306 TBW
Накопичувачі,Crucial P5,67,70289,white.png,HDD,710 GB,2000 MB/s,4196 TBW
Накопичувачі,Crucial P5,78,41353,white.png,HDD,418 GB,1000 MB/s,4241 TBW
Накопичувачі,Samsung 970 EVO,37,45708,white.png,SSD,507 GB,1000 MB/s,3904 TBW
Накопичувачі,WD Black SN750,77,37065,white.png,HDD,884 GB,1000 MB/s,4173 TBW
Накопичувачі,Kingston A2000,41,23554,red.png,HDD,612 GB,1000 MB/s,4507 TBW
Накопичувачі,Crucial P5,46,98726,red.png,SSD,914 GB,1000 MB/s,3117 TBW
Накопичувачі,Seagate FireCuda,10,95933,red.png,SSD,335 GB,500 MB/s,2653 TBW
Накопичувачі,WD Black SN750,47,74084,white.png,HDD,1457 GB,2000 MB/s,2989 TBW
Накопичувачі,WD Black SN750,99,75288,blue.png,HDD,1309 GB,500 MB/s,2870 TBW
Накопичувачі,Samsung 970 EVO,10,62774,green.png,SSD,1593 GB,500 MB/s,3532 TBW
Накопичувачі,Crucial P5,5,94583,green.png,HDD,1436 GB,2000 MB/s,4111 TBW
Накопичувачі,Kingston A2000,17,14943,blue.png,HDD,1177 GB,1000 MB/s,3944 TBW
Накопичувачі,Kingston A2000,67,60928,red.png,HDD,947 GB,2000 MB/s,3393 TBW
Накопичувачі,Seagate FireCuda,44,23986,green.png,HDD,1240 GB,1000 MB/s,2932 TBW
Накопичувачі,Samsung 970 EVO,4,61143,green.png,SSD,1350 GB,1000 MB/s,2655 TBW
Накопичувачі,Seagate FireCuda,67,82195,blue.png,HDD,1115 GB,500 MB/s,2348 TBW
Накопичувачі,WD Black SN750,58,59469,green.png,HDD,1727 GB,500 MB/s,3342 TBW
Накопичувачі,Samsung 970 EVO,95,92428,white.png,SSD,1049 GB,500 MB/s,1937 TBW
Накопичувачі,Seagate FireCuda,29,60915,white.png,SSD,1899 GB,2000 MB/s,3809 TBW
Накопичувачі,WD Black SN750,63,67654,white.png,HDD,777 GB,1000 MB/s,3133 TBW
Накопичувачі,Kingston A2000,79,62113,white.png,SSD,1327 GB,500 MB/s,2138 TBW
Накопичувачі,Kingston A2000,61,81716,blue.png,SSD,1586 GB,2000 MB/s,2271 TBW
Накопичувачі,Kingston A2000,49,60751,white.png,SSD,1100 GB,1000 MB/s,4286 TBW
Накопичувачі,Kingston A2000,47,30389,green.png,SSD,1434 GB,1000 MB/s,4064 TBW
Накопичувачі,Kingston A2000,66,10533,white.png,HDD,408 GB,500 MB/s,2038 TBW
Накопичувачі,Crucial P5,69,96698,white.png,HDD,957 GB,1000 MB/s,2450 TBW
Накопичувачі,Samsung 970 EVO,66,64122,green.png,HDD,1268 GB,2000 MB/s,3941 TBW
Накопичувачі,Seagate FireCuda,2,29260,blue.png,HDD,1368 GB,1000 MB/s,2209 TBW
Накопичувачі,Crucial P5,98,65709,white.png,HDD,470 GB,1000 MB/s,2465 TBW
Накопичувачі,Samsung 970 EVO,11,87038,white.png,SSD,1279 GB,2000 MB/s,1745 TBW
Накопичувачі,Crucial P5,57,83376,blue.png,HDD,1841 GB,1000 MB/s,3719 TBW
Накопичувачі,Crucial P5,74,36041,blue.png,HDD,1417 GB,1000 MB/s,2670 TBW
Накопичувачі,Kingston A2000,3,39196,green.png,HDD,1715 GB,1000 MB/s,2703 TBW
Накопичувачі,Crucial P5,66,64339,green.png,SSD,1763 GB,2000 MB/s,4073 TBW
Накопичувачі,Crucial P5,1,88381,white.png,HDD,986 GB,2000 MB/s,3855 TBW
Накопичувачі,Crucial P5,52,75264,white.png,HDD,800 GB,2000 MB/s,2545 TBW
Накопичувачі,WD Black SN750,19,77709,green.png,SSD,1600 GB,1000 MB/s,1168 TBW
Накопичувачі,Crucial P5,62,95236,blue.png,SSD,1611 GB,2000 MB/s,3679 TBW
Накопичувачі,Seagate FireCuda,49,74611,blue.png,HDD,971 GB,2000 MB/s,3041 TBW
Накопичувачі,WD Black SN750,39,31612,red.png,HDD,685 GB,1000 MB/s,1181 TBW
Накопичувачі,Samsung 970 EVO,58,12590,red.png,SSD,902 GB,1000 MB/s,1329 TBW
Відеокарта,AMD RX 6800,80,53143,blue.png,AMD RX 6800,13 GB,GDDR5,4.0
Відеокарта,NVIDIA RTX 3080,99,45058,red.png,NVIDIA RTX 3080,7 GB,GDDR6,4.0
Відеокарта,NVIDIA RTX 3070,9,35641,red.png,NVIDIA RTX 3070,7 GB,GDDR5,4.0
Відеокарта,AMD RX 6700,33,64286,green.png,AMD RX 6700,5 GB,GDDR7,4.0
Відеокарта,AMD RX 6700,12,78605,blue.png,AMD RX 6700,12 GB,GDDR5,4.0
Відеокарта,NVIDIA RTX 3080,5,63572,red.png,NVIDIA RTX 3080,9 GB,GDDR6,4.0
Відеокарта,NVIDIA RTX 3070,74,39750,blue.png,NVIDIA RTX 3070,16 GB,GDDR5,4.0
Відеокарта,NVIDIA RTX 3080,97,82082,green.png,NVIDIA RTX 3080,7 GB,GDDR7,3.0
Відеокарта,AMD RX 6800,80,30928,white.png,AMD RX 6800,11 GB,GDDR6,3.0
Відеокарта,AMD RX 6800,64,81982,blue.png,AMD RX 6800,11 GB,GDDR5,4.0
Відеокарта,AMD RX 6800,67,13770,white.png,AMD RX 6800,15 GB,GDDR5,3.0
Відеокарта,AMD RX 6700,77,47908,white.png,AMD RX 6700,9 GB,GDDR5,3.0
Відеокарта,AMD RX 6800,10,54139,blue.png,AMD RX 6800,6 GB,GDDR7,4.0
Відеокарта,NVIDIA RTX 3080,79,15719,green.png,NVIDIA RTX 3080,10 GB,GDDR5,3.0
Відеокарта,NVIDIA RTX 3080,68,68497,blue.png,NVIDIA RTX 3080,16 GB,GDDR5,3.0
Відеокарта,NVIDIA RTX 3080,68,96581,white.png,NVIDIA RTX 3080,5 GB,GDDR6,4.0
Відеокарта,NVIDIA GTX 1660,73,92148,white.png,NVIDIA GTX 1660,6 GB,GDDR7,4.0
Відеокарта,AMD RX 6700,100,52925,white.png,AMD RX 6700,12 GB,GDDR7,3.0
Відеокарта,AMD RX 6800,8,66731,red.png,AMD RX 6800,16 GB,GDDR6,3.0
Відеокарта,NVIDIA RTX 3070,90,65692,blue.png,NVIDIA RTX 3070,12 GB,GDDR5,4.0
Відеокарта,NVIDIA RTX 3070,85,53451,blue.png,NVIDIA RTX 3070,7 GB,GDDR6,3.0
Відеокарта,NVIDIA RTX 3080,20,55029,blue.png,NVIDIA RTX 3080,16 GB,GDDR6,4.0
Відеокарта,AMD RX 6700,93,83110,white.png,AMD RX 6700,7 GB,GDDR7,4.0
Відеокарта,NVIDIA GTX 1660,68,21180,white.png,NVIDIA GTX 1660,8 GB,GDDR5,3.0
Відеокарта,NVIDIA GTX 1660,47,25832,red.png,NVIDIA GTX 1660,9 GB,GDDR7,3.0
Відеокарта,NVIDIA RTX 3070,40,87504,green.png,NVIDIA RTX 3070,10 GB,GDDR5,4.0
Відеокарта,NVIDIA GTX 1660,43,81057,white.png,NVIDIA GTX 1660,9 GB,GDDR6,4.0
Відеокарта,NVIDIA GTX 1660,40,78468,white.png,NVIDIA GTX 1660,12 GB,GDDR5,4.0
Відеокарта,NVIDIA RTX 3070,24,52091,red.png,NVIDIA RTX 3070,15 GB,GDDR5,3.0
Відеокарта,NVIDIA GTX 1660,43,81912,green.png,NVIDIA GTX 1660,4 GB,GDDR5,3.0
Відеокарта,NVIDIA RTX 3070,51,31610,green.png,NVIDIA RTX 3070,14 GB,GDDR7,3.0
Відеокарта,AMD RX 6700,28,56063,red.png,AMD RX 6700,7 GB,GDDR7,4.0
Відеокарта,AMD RX 6800,97,55849,green.png,AMD RX 6800,12 GB,GDDR6,4.0
Відеокарта,NVIDIA GTX 1660,17,25785,blue.png,NVIDIA GTX 1660,13 GB,GDDR5,4.0
Відеокарта,AMD RX 6700,0,90881,red.png,AMD RX 6700,5 GB,GDDR5,4.0
Відеокарта,AMD RX 6800,17,73228,blue.png,AMD RX 6800,9 GB,GDDR5,4.0
Відеокарта,NVIDIA GTX 1660,16,87644,white.png,NVIDIA GTX 1660,11 GB,GDDR5,3.0
Відеокарта,NVIDIA RTX 3070,7,54594,red.png,NVIDIA RTX 3070,11 GB,GDDR6,4.0
Відеокарта,NVIDIA RTX 3080,43,69508,blue.png,NVIDIA RTX 3080,10 GB,GDDR7,4.0
Відеокарта,AMD RX 6800,71,30928,green.png,AMD RX 6800,16 GB,GDDR7,4.0
Відеокарта,NVIDIA RTX 3070,20,72440,green.png,NVIDIA RTX 3070,12 GB,GDDR5,4.0
Відеокарта,NVIDIA RTX 3080,27,92938,blue.png,NVIDIA RTX 3080,13 GB,GDDR7,4.0
Відеокарта,NVIDIA RTX 3070,90,94553,green.png,NVIDIA RTX 3070,5 GB,GDDR7,4.0
Відеокарта,AMD RX 6800,79,26966,white.png,AMD RX 6800,16 GB,GDDR7,4.0
Відеокарта,AMD RX 6800,78,47491,white.png,AMD RX 6800,8 GB,GDDR6,4.0
Відеокарта,AMD RX 6700,69,29379,green.png,AMD RX 6700,14 GB,GDDR6,3.0
Відеокарта,NVIDIA RTX 3080,90,55349,white.png,NVIDIA RTX 3080,10 GB,GDDR7,3.0
Відеокарта,NVIDIA RTX 3070,77,38264,white.png,NVIDIA RTX 3070,11 GB,GDDR6,4.0
Відеокарта,NVIDIA RTX 3080,98,34698,blue.png,NVIDIA RTX 3080,12 GB,GDDR5,4.0
Відеокарта,AMD RX 6700,68,72962,white.png,AMD RX 6700,4 GB,GDDR6,4.0
Відеокарта,AMD RX 6700,91,76793,blue.png,AMD RX 6700,14 GB,GDDR7,4.0
Відеокарта,AMD RX 6700,53,24122,green.png,AMD RX 6700,7 GB,GDDR5,4.0
Відеокарта,AMD RX 6700,98,30959,blue.png,AMD RX 6700,14 GB,GDDR7,3.0
Відеокарта,NVIDIA GTX 1660,64,13270,green.png,NVIDIA GTX 1660,9 GB,GDDR5,4.0
Відеокарта,NVIDIA RTX 3080,96,40975,blue.png,NVIDIA RTX 3080,9 GB,GDDR7,4.0
Відеокарта,NVIDIA RTX 3070,54,16541,blue.png,NVIDIA RTX 3070,12 GB,GDDR5,3.0
Відеокарта,AMD RX 6700,52,89418,green.png,AMD RX 6700,12 GB,GDDR7,4.0
Відеокарта,AMD RX 6700,55,38309,green.png,AMD RX 6700,13 GB,GDDR7,4.0
Відеокарта,NVIDIA RTX 3080,39,22388,green.png,NVIDIA RTX 3080,13 GB,GDDR6,4.0
Відеокарта,AMD RX 6800,89,18865,green.png,AMD RX 6800,14 GB,GDDR5,4.0
Відеокарта,AMD RX 6700,97,60394,green.png,AMD RX 6700,14 GB,GDDR5,4.0
Відеокарта,AMD RX 6700,48,93108,red.png,AMD RX 6700,10 GB,GDDR6,4.0
Відеокарта,AMD RX 6800,87,45514,white.png,AMD RX 6800,12 GB,GDDR7,4.0
Відеокарта,AMD RX 6800,36,34119,red.png,AMD RX 6800,11 GB,GDDR7,4.0
Відеокарта,AMD RX 6800,80,59629,blue.png,AMD RX 6800,16 GB,GDDR6,4.0
Відеокарта,NVIDIA GTX 1660,57,95974,red.png,NVIDIA GTX 1660,6 GB,GDDR5,3.0
Відеокарта,AMD RX 6700,64,70939,blue.png,AMD RX 6700,4 GB,GDDR7,4.0
Відеокарта,AMD RX 6700,82,57661,green.png,AMD RX 6700,4 GB,GDDR5,4.0
Відеокарта,NVIDIA RTX 3080,21,76772,red.png,NVIDIA RTX 3080,14 GB,GDDR6,4.0
Відеокарта,NVIDIA GTX 1660,94,64948,green.png,NVIDIA GTX 1660,4 GB,GDDR6,4.0
Відеокарта,AMD RX 6700,40,54387,red.png,AMD RX 6700,10 GB,GDDR6,3.0
Відеокарта,NVIDIA RTX 3080,53,24769,red.png,NVIDIA RTX 3080,12 GB,GDDR7,4.0
Відеокарта,AMD RX 6700,27,53738,white.png,AMD RX 6700,8 GB,GDDR7,3.0
Відеокарта,AMD RX 6700,30,99259,green.png,AMD RX 6700,6 GB,GDDR7,4.0
Відеокарта,NVIDIA GTX 1660,41,52250,green.png,NVIDIA GTX 1660,7 GB,GDDR6,4.0
Відеокарта,NVIDIA RTX 3070,61,22012,red.png,NVIDIA RTX 3070,10 GB,GDDR5,4.0
Відеокарта,NVIDIA RTX 3080,35,56443,red.png,NVIDIA RTX 3080,15 GB,GDDR6,4.0
Відеокарта,NVIDIA GTX 1660,26,49835,white.png,NVIDIA GTX 1660,6 GB,GDDR7,4.0
Відеокарта,NVIDIA GTX 1660,39,30688,red.png,NVIDIA GTX 1660,8 GB,GDDR7,3.0
Відеокарта,AMD RX 6700,51,61263,white.png,AMD RX 6700,11 GB,GDDR5,3.0
Відеокарта,NVIDIA RTX 3080,62,83286,red.png,NVIDIA RTX 3080,10 GB,GDDR6,4.0
Відеокарта,NVIDIA GTX 1660,69,10130,red.png,NVIDIA GTX 1660,8 GB,GDDR6,4.0
Відеокарта,NVIDIA RTX 3070,81,38106,white.png,NVIDIA RTX 3070,13 GB,GDDR6,3.0
Відеокарта,NVIDIA RTX 3080,97,82778,green.png,NVIDIA RTX 3080,8 GB,GDDR6,3.0
Відеокарта,NVIDIA RTX 3070,1,54611,blue.png,NVIDIA RTX 3070,12 GB,GDDR6,3.0
Відеокарта,NVIDIA RTX 3080,64,90463,red.png,NVIDIA RTX 3080,14 GB,GDDR5,3.0
Відеокарта,NVIDIA RTX 3070,85,81303,white.png,NVIDIA RTX 3070,5 GB,GDDR6,4.0
Відеокарта,NVIDIA RTX 3070,16,66655,blue.png,NVIDIA RTX 3070,5 GB,GDDR7,4.0
Відеокарта,NVIDIA RTX 3070,14,17829,white.png,NVIDIA RTX 3070,14 GB,GDDR6,4.0
Відеокарта,NVIDIA GTX 1660,16,73094,blue.png,NVIDIA GTX 1660,13 GB,GDDR7,3.0
Відеокарта,NVIDIA RTX 3070,69,48999,red.png,NVIDIA RTX 3070,9 GB,GDDR7,3.0
Відеокарта,NVIDIA RTX 3080,67,18849,red.png,NVIDIA RTX 3080,16 GB,GDDR6,4.0
Відеокарта,AMD RX 6800,72,60357,white.png,AMD RX 6800,13 GB,GDDR7,4.0
Відеокарта,NVIDIA GTX 1660,82,50145,blue.png,NVIDIA GTX 1660,5 GB,GDDR7,3.0
Відеокарта,NVIDIA GTX 1660,12,62921,green.png,NVIDIA GTX 1660,16 GB,GDDR7,4.0
Відеокарта,NVIDIA RTX 3070,100,28212,white.png,NVIDIA RTX 3070,14 GB,GDDR5,3.0
Відеокарта,NVIDIA GTX 1660,91,28988,blue.png,NVIDIA GTX 1660,16 GB,GDDR6,4.0
Відеокарта,AMD RX 6800,22,65459,green.png,AMD RX 6800,11 GB,GDDR5,4.0
Відеокарта,NVIDIA RTX 3070,73,94013,blue.png,NVIDIA RTX 3070,12 GB,GDDR5,3.0
Відеокарта,NVIDIA RTX 3070,94,68594,blue.png,NVIDIA RTX 3070,12 GB,GDDR5,3.0
Відеокарта,AMD RX 6800,88,44929,white.png,AMD RX 6800,4 GB,GDDR7,4.0
Відеокарта,NVIDIA RTX 3070,46,82200,green.png,NVIDIA RTX 3070,8 GB,GDDR7,4.0
Відеокарта,NVIDIA RTX 3080,82,75931,blue.png,NVIDIA RTX 3080,7 GB,GDDR6,3.0
Відеокарта,NVIDIA RTX 3080,62,96300,red.png,NVIDIA RTX 3080,8 GB,GDDR5,4.0
Відеокарта,AMD RX 6700,87,41833,white.png,AMD RX 6700,14 GB,GDDR5,4.0
Відеокарта,NVIDIA RTX 3080,70,55412,blue.png,NVIDIA RTX 3080,15 GB,GDDR6,4.0
Відеокарта,NVIDIA RTX 3070,78,36235,white.png,NVIDIA RTX 3070,9 GB,GDDR7,4.0
Відеокарта,NVIDIA RTX 3080,31,64914,red.png,NVIDIA RTX 3080,14 GB,GDDR7,3.0
Відеокарта,NVIDIA GTX 1660,83,65632,red.png,NVIDIA GTX 1660,11 GB,GDDR5,3.0
Відеокарта,AMD RX 6800,24,27648,red.png,AMD RX 6800,14 GB,GDDR6,3.0
Відеокарта,AMD RX 6700,47,30950,red.png,AMD RX 6700,14 GB,GDDR6,4.0
Відеокарта,NVIDIA RTX 3080,28,97908,red.png,NVIDIA RTX 3080,13 GB,GDDR5,4.0
Відеокарта,NVIDIA RTX 3070,89,66289,white.png,NVIDIA RTX 3070,9 GB,GDDR5,3.0
Відеокарта,NVIDIA RTX 3070,52,38854,white.png,NVIDIA RTX 3070,15 GB,GDDR7,4.0
Відеокарта,NVIDIA RTX 3080,97,63777,blue.png,NVIDIA RTX 3080,5 GB,GDDR5,3.0
Відеокарта,NVIDIA GTX 1660,31,72401,blue.png,NVIDIA GTX 1660,6 GB,GDDR5,4.0
Відеокарта,AMD RX 6800,91,53318,green.png,AMD RX 6800,11 GB,GDDR7,3.0
Відеокарта,NVIDIA GTX 1660,100,79568,blue.png,NVIDIA GTX 1660,15 GB,GDDR7,3.0
Відеокарта,NVIDIA RTX 3070,33,82282,green.png,NVIDIA RTX 3070,5 GB,GDDR5,4.0
Відеокарта,AMD RX 6700,90,99395,blue.png,AMD RX 6700,16 GB,GDDR7,3.0
Відеокарта,AMD RX 6800,28,69502,green.png,AMD RX 6800,14 GB,GDDR5,3.0
Відеокарта,NVIDIA RTX 3070,50,37974,green.png,NVIDIA RTX 3070,7 GB,GDDR6,4.0
Відеокарта,AMD RX 6800,86,66923,red.png,AMD RX 6800,12 GB,GDDR5,4.0
Відеокарта,NVIDIA RTX 3070,37,41441,green.png,NVIDIA RTX 3070,14 GB,GDDR5,4.0
Відеокарта,NVIDIA RTX 3080,57,55518,green.png,NVIDIA RTX 3080,5 GB,GDDR7,4.0
Відеокарта,NVIDIA RTX 3080,57,77219,blue.png,NVIDIA RTX 3080,6 GB,GDDR7,3.0
Відеокарта,NVIDIA RTX 3080,0,44101,red.png,NVIDIA RTX 3080,9 GB,GDDR7,4.0
Відеокарта,AMD RX 6800,80,86546,white.png,AMD RX 6800,5 GB,GDDR7,3.0
Відеокарта,AMD RX 6700,80,39240,green.png,AMD RX 6700,11 GB,GDDR6,4.0
Відеокарта,NVIDIA RTX 3080,30,93601,blue.png,NVIDIA RTX 3080,15 GB,GDDR5,4.0
Відеокарта,NVIDIA RTX 3080,65,80048,blue.png,NVIDIA RTX 3080,11 GB,GDDR5,3.0
Відеокарта,NVIDIA RTX 3080,34,96780,white.png,NVIDIA RTX 3080,16 GB,GDDR5,4.0
Відеокарта,NVIDIA RTX 3070,18,81106,white.png,NVIDIA RTX 3070,6 GB,GDDR7,4.0
Блок живлення,Cooler Master V,78,66615,green.png,1175 W,80 Plus Bronze
Блок живлення,Seasonic Focus,36,16989,white.png,739 W,80 Plus Bronze
Блок живлення,Cooler Master V,43,44503,red.png,781 W,80 Plus Bronze
Блок живлення,Corsair RM750,7,29753,red.png,669 W,80 Plus Gold
Блок живлення,Corsair RM750,63,30512,blue.png,701 W,80 Plus Silver
Блок живлення,Cooler Master V,47,75543,red.png,938 W,80 Plus Silver
Блок живлення,Seasonic Focus,9,24353,green.png,1044 W,80 Plus Gold
Блок живлення,Seasonic Focus,69,76008,green.png,1126 W,80 Plus Silver
Блок живлення,Thermaltake Toughpower,98,65182,white.png,1188 W,80 Plus Silver
Блок живлення,EVGA SuperNOVA,90,65476,red.png,869 W,80 Plus Silver
Блок живлення,Cooler Master V,61,95979,blue.png,403 W,80 Plus Silver
Блок живлення,Cooler Master V,25,88787,red.png,738 W,80 Plus Silver
Блок живлення,Corsair RM750,21,93036,red.png,584 W,80 Plus Gold
Блок живлення,Cooler Master V,88,69210,green.png,548 W,80 Plus Gold
Блок живлення,Cooler Master V,84,38360,white.png,532 W,80 Plus Bronze
Блок живлення,Thermaltake Toughpower,0,87083,white.png,1072 W,80 Plus Bronze
Блок живлення,EVGA SuperNOVA,52,56196,white.png,1167 W,80 Plus Silver
Блок живлення,Cooler Master V,78,99932,green.png,936 W,80 Plus Gold
Блок живлення,Corsair RM750,38,60271,white.png,1005 W,80 Plus Bronze
Блок живлення,Thermaltake Toughpower,62,54367,green.png,1167 W,80 Plus Silver
Блок живлення,Cooler Master V,0,59185,white.png,738 W,80 Plus Bronze
Блок живлення,Seasonic Focus,53,79979,white.png,670 W,80 Plus Silver
Блок живлення,Thermaltake Toughpower,74,26934,blue.png,987 W,80 Plus Silver
Блок живлення,Corsair RM750,98,55774,white.png,993 W,80 Plus Gold
Блок живлення,Seasonic Focus,80,60601,white.png,815 W,80 Plus Gold
Блок живлення,EVGA SuperNOVA,14,92620,white.png,861 W,80 Plus Bronze
Блок живлення,Thermaltake Toughpower,8,82079,blue.png,739 W,80 Plus Bronze
Блок живлення,Thermaltake Toughpower,27,14808,green.png,955 W,80 Plus Silver
Блок живлення,EVGA SuperNOVA,73,45308,white.png,491 W,80 Plus Bronze
Блок живлення,Cooler Master V,21,33347,red.png,1012 W,80 Plus Gold
Блок живлення,Thermaltake Toughpower,34,63377,red.png,998 W,80 Plus Bronze
Блок живлення,Seasonic Focus,79,28122,red.png,1113 W,80 Plus Silver
Блок живлення,Corsair RM750,63,61723,red.png,1071 W,80 Plus Silver
Блок живлення,Cooler Master V,80,36964,blue.png,770 W,80 Plus Bronze
Блок живлення,EVGA SuperNOVA,72,13239,white.png,516 W,80 Plus Gold
Блок живлення,Seasonic Focus,43,49978,green.png,489 W,80 Plus Silver
Блок живлення,Corsair RM750,34,62821,white.png,830 W,80 Plus Bronze
Блок живлення,Cooler Master V,60,66867,white.png,702 W,80 Plus Gold
Блок живлення,Seasonic Focus,54,28901,white.png,645 W,80 Plus Silver
Блок живлення,EVGA SuperNOVA,46,46323,green.png,747 W,80 Plus Gold
Блок живлення,Cooler Master V,63,42464,red.png,931 W,80 Plus Gold
Блок живлення,Cooler Master V,8,61283,white.png,497 W,80 Plus Silver
Блок живлення,EVGA SuperNOVA,12,96919,green.png,600 W,80 Plus Silver
Блок живлення,Seasonic Focus,75,26690,white.png,826 W,80 Plus Silver
Блок живлення,Corsair RM750,10,34715,green.png,1102 W,80 Plus Bronze
Блок живлення,Cooler Master V,1,19045,red.png,1081 W,80 Plus Bronze
Блок живлення,Thermaltake Toughpower,8,34213,white.png,688 W,80 Plus Bronze
Блок живлення,Corsair RM750,4,67612,green.png,739 W,80 Plus Bronze
Блок живлення,Seasonic Focus,23,70083,white.png,1179 W,80 Plus Bronze
Блок живлення,Cooler Master V,35,50579,white.png,975 W,80 Plus Bronze
Блок живлення,Cooler Master V,38,61412,blue.png,563 W,80 Plus Bronze
Блок живлення,Cooler Master V,38,35926,white.png,693 W,80 Plus Bronze
Блок живлення,Corsair RM750,58,90175,green.png,934 W,80 Plus Silver
Блок живлення,Seasonic Focus,25,38485,blue.png,985 W,80 Plus Silver
Блок живлення,Corsair RM750,26,83872,green.png,621 W,80 Plus Gold
Блок живлення,Seasonic Focus,15,39058,red.png,1048 W,80 Plus Bronze
Блок живлення,Corsair RM750,72,62141,white.png,1017 W,80 Plus Silver
Блок живлення,EVGA SuperNOVA,21,90891,green.png,789 W,80 Plus Silver
Блок живлення,Corsair RM750,80,44723,white.png,900 W,80 Plus Bronze
Блок живлення,Seasonic Focus,16,97643,blue.png,799 W,80 Plus Silver
Блок живлення,Cooler Master V,28,73405,blue.png,847 W,80 Plus Bronze
Блок живлення,EVGA SuperNOVA,39,84281,green.png,698 W,80 Plus Bronze
Блок живлення,EVGA SuperNOVA,40,62680,red.png,559 W,80 Plus Bronze
Блок живлення,EVGA SuperNOVA,68,17215,red.png,781 W,80 Plus Bronze
Блок живлення,Seasonic Focus,19,73813,blue.png,508 W,80 Plus Silver
Блок живлення,EVGA SuperNOVA,50,85203,green.png,572 W,80 Plus Bronze
Блок живлення,Cooler Master V,88,54852,green.png,539 W,80 Plus Gold
Блок живлення,Cooler Master V,87,22478,blue.png,614 W,80 Plus Bronze
Блок живлення,Corsair RM750,41,43696,red.png,736 W,80 Plus Gold
Блок живлення,Cooler Master V,96,38994,white.png,923 W,80 Plus Bronze
Блок живлення,Cooler Master V,92,96983,blue.png,848 W,80 Plus Silver
Блок живлення,Thermaltake Toughpower,19,19363,green.png,913 W,80 Plus Bronze
Блок живлення,Seasonic Focus,74,53896,white.png,418 W,80 Plus Silver
Блок живлення,Thermaltake Toughpower,79,40180,red.png,761 W,80 Plus Bronze
Блок живлення,Thermaltake Toughpower,80,20837,white.png,730 W,80 Plus Gold
Блок живлення,Thermaltake Toughpower,100,28779,green.png,1097 W,80 Plus Silver
Блок живлення,Seasonic Focus,54,48404,green.png,1095 W,80 Plus Gold
Блок живлення,Cooler Master V,46,93102,red.png,969 W,80 Plus Silver
Блок живлення,Seasonic Focus,45,99227,green.png,669 W,80 Plus Bronze
Блок живлення,Corsair RM750,49,79715,blue.png,816 W,80 Plus Bronze
Блок живлення,Cooler Master V,4,56017,green.png,653 W,80 Plus Silver
Блок живлення,EVGA SuperNOVA,1,94616,red.png,961 W,80 Plus Silver
Блок живлення,Seasonic Focus,38,46877,white.png,655 W,80 Plus Bronze
Блок живлення,EVGA SuperNOVA,12,75421,blue.png,1061 W,80 Plus Gold
Блок живлення,EVGA SuperNOVA,23,40725,red.png,909 W,80 Plus Gold
Блок живлення,Cooler Master V,32,26736,green.png,550 W,80 Plus Bronze
Блок живлення,EVGA SuperNOVA,9,18781,green.png,1005 W,80 Plus Bronze
Блок живлення,Seasonic Focus,84,96722,blue.png,709 W,80 Plus Bronze
Блок живлення,Cooler Master V,12,33391,blue.png,1189 W,80 Plus Bronze
Блок живлення,Thermaltake Toughpower,47,57926,green.png,1076 W,80 Plus Gold
Блок живлення,Thermaltake Toughpower,63,46738,white.png,672 W,80 Plus Bronze
Блок живлення,Corsair RM750,99,75427,blue.png,741 W,80 Plus Bronze
Блок живлення,Corsair RM750,20,69627,green.png,807 W,80 Plus Silver
Блок живлення,EVGA SuperNOVA,67,86514,white.png,486 W,80 Plus Gold
Блок живлення,EVGA SuperNOVA,57,93403,blue.png,987 W,80 Plus Silver
Блок живлення,EVGA SuperNOVA,25,17698,white.png,1143 W,80 Plus Bronze
Блок живлення,Cooler Master V,60,88235,red.png,805 W,80 Plus Silver
Блок живлення,Thermaltake Toughpower,72,51618,blue.png,844 W,80 Plus Gold
Блок живлення,EVGA SuperNOVA,80,55722,blue.png,492 W,80 Plus Gold
Блок живлення,Thermaltake Toughpower,25,21875,red.png,582 W,80 Plus Gold
Блок живлення,EVGA SuperNOVA,63,37756,white.png,513 W,80 Plus Bronze
Блок живлення,Corsair RM750,49,34599,green.png,1056 W,80 Plus Silver
Блок живлення,Corsair RM750,83,68289,green.png,1131 W,80 Plus Gold
Блок живлення,Seasonic Focus,10,80089,blue.png,667 W,80 Plus Gold
Блок живлення,Corsair RM750,54,15515,blue.png,735 W,80 Plus Silver
Блок живлення,Cooler Master V,38,42578,blue.png,854 W,80 Plus Silver
Блок живлення,Thermaltake Toughpower,46,97338,green.png,861 W,80 Plus Silver
Блок живлення,Corsair RM750,72,79176,red.png,1064 W,80 Plus Silver
Блок живлення,Seasonic Focus,46,17377,white.png,620 W,80 Plus Silver
Блок живлення,Cooler Master V,92,17739,green.png,531 W,80 Plus Gold
Блок живлення,Thermaltake Toughpower,62,50716,red.png,967 W,80 Plus Silver
Блок живлення,EVGA SuperNOVA,53,78530,red.png,467 W,80 Plus Gold
Блок живлення,Corsair RM750,19,63242,red.png,887 W,80 Plus Bronze
Блок живлення,Seasonic Focus,35,10404,white.png,928 W,80 Plus Gold
Блок живлення,Thermaltake Toughpower,9,95574,white.png,768 W,80 Plus Bronze
Блок живлення,Corsair RM750,72,44256,blue.png,898 W,80 Plus Bronze
Блок живлення,Thermaltake Toughpower,34,15107,white.png,1168 W,80 Plus Bronze
Блок живлення,Corsair RM750,25,55019,white.png,822 W,80 Plus Silver
Блок живлення,Corsair RM750,36,22503,blue.png,949 W,80 Plus Gold
Блок живлення,EVGA SuperNOVA,54,26151,blue.png,490 W,80 Plus Silver
Блок живлення,Seasonic Focus,89,61605,green.png,1026 W,80 Plus Bronze
Блок живлення,Corsair RM750,17,38923,blue.png,552 W,80 Plus Bronze
Блок живлення,Seasonic Focus,61,83000,red.png,1004 W,80 Plus Gold
Блок живлення,Thermaltake Toughpower,53,95204,blue.png,1036 W,80 Plus Gold
Блок живлення,EVGA SuperNOVA,95,46367,green.png,726 W,80 Plus Gold
Блок живлення,Thermaltake Toughpower,16,22757,white.png,840 W,80 Plus Silver
Блок живлення,Corsair RM750,43,81383,red.png,1083 W,80 Plus Silver
Блок живлення,Seasonic Focus,22,66929,green.png,978 W,80 Plus Gold
Блок живлення,Corsair RM750,34,86311,blue.png,766 W,80 Plus Gold
Блок живлення,Seasonic Focus,70,60639,blue.png,1040 W,80 Plus Gold
Блок живлення,EVGA SuperNOVA,38,18432,green.png,752 W,80 Plus Gold
Блок живлення,Seasonic Focus,76,89953,green.png,1113 W,80 Plus Gold
Блок живлення,Corsair RM750,75,16039,white.png,478 W,80 Plus Bronze
Блок живлення,Seasonic Focus,67,46865,green.png,752 W,80 Plus Bronze
Блок живлення,Seasonic Focus,30,63169,red.png,1010 W,80 Plus Bronze
Блок живлення,Corsair RM750,85,18494,red.png,1198 W,80 Plus Bronze
Блок живлення,Thermaltake Toughpower,54,20695,white.png,993 W,80 Plus Silver
Блок живлення,Seasonic Focus,0,11476,blue.png,1013 W,80 Plus Gold
Блок живлення,EVGA SuperNOVA,98,64084,green.png,493 W,80 Plus Gold
Блок живлення,EVGA SuperNOVA,81,88385,green.png,1155 W,80 Plus Gold
Блок живлення,Thermaltake Toughpower,3,88432,white.png,1060 W,80 Plus Bronze
Блок живлення,EVGA SuperNOVA,5,28868,green.png,502 W,80 Plus Gold
Блок живлення,Seasonic Focus,81,53611,white.png,581 W,80 Plus Gold
Блок живлення,Thermaltake Toughpower,41,72745,white.png,784 W,80 Plus Bronze
Блок живлення,Thermaltake Toughpower,7,55924,blue.png,674 W,80 Plus Silver
Блок живлення,Thermaltake Toughpower,62,39978,green.png,1167 W,80 Plus Silver
Блок живлення,Thermaltake Toughpower,73,98425,green.png,855 W,80 Plus Silver
Блок живлення,Seasonic Focus,1,90190,blue.png,998 W,80 Plus Bronze
Блок живлення,Cooler Master V,30,79098,red.png,835 W,80 Plus Silver
Блок живлення,Thermaltake Toughpower,100,41781,green.png,1151 W,80 Plus Bronze
Блок живлення,EVGA SuperNOVA,48,44307,white.png,721 W,80 Plus Bronze
Блок живлення,Thermaltake Toughpower,95,93790,green.png,1125 W,80 Plus Gold
Блок живлення,Cooler Master V,17,35220,red.png,415 W,80 Plus Gold
Блок живлення,Thermaltake Toughpower,74,50846,green.png,941 W,80 Plus Silver
Блок живлення,Thermaltake Toughpower,89,20946,red.png,629 W,80 Plus Silver
Блок живлення,Cooler Master V,25,28916,blue.png,785 W,80 Plus Bronze
Блок живлення,Seasonic Focus,19,47115,blue.png,575 W,80 Plus Gold
Блок живлення,Cooler Master V,43,37672,red.png,1081 W,80 Plus Bronze
Блок живлення,Seasonic Focus,87,27366,white.png,711 W,80 Plus Silver
Блок живлення,Cooler Master V,39,90996,blue.png,1117 W,80 Plus Gold
Блок живлення,Seasonic Focus,35,70705,white.png,496 W,80 Plus Gold
Блок живлення,Corsair RM750,32,36870,white.png,836 W,80 Plus Silver
Блок живлення,Cooler Master V,69,77811,red.png,887 W,80 Plus Bronze
Блок живлення,Thermaltake Toughpower,30,10052,white.png,1065 W,80 Plus Gold
Блок живлення,Thermaltake Toughpower,37,95337,blue.png,994 W,80 Plus Gold
Блок живлення,EVGA SuperNOVA,80,11585,red.png,1050 W,80 Plus Silver
Блок живлення,Cooler Master V,25,70727,white.png,1018 W,80 Plus Bronze
Блок живлення,EVGA SuperNOVA,6,52473,red.png,491 W,80 Plus Silver
Блок живлення,Seasonic Focus,96,78346,green.png,1155 W,80 Plus Silver
Блок живлення,Cooler Master V,91,62040,red.png,967 W,80 Plus Gold
Блок живлення,Seasonic Focus,25,39446,red.png,1149 W,80 Plus Silver
Блок живлення,Thermaltake Toughpower,29,92992,green.png,752 W,80 Plus Bronze
Блок живлення,Cooler Master V,66,94942,green.png,1087 W,80 Plus Gold
Блок живлення,EVGA SuperNOVA,32,21105,white.png,802 W,80 Plus Silver
Блок живлення,Cooler Master V,37,69740,white.png,532 W,80 Plus Silver
Блок живлення,Seasonic Focus,79,94481,red.png,1029 W,80 Plus Silver
Блок живлення,Thermaltake Toughpower,20,96570,green.png,702 W,80 Plus Bronze
Блок живлення,Thermaltake Toughpower,9,95166,red.png,446 W,80 Plus Silver
Блок живлення,EVGA SuperNOVA,45,13873,blue.png,692 W,80 Plus Bronze
Блок живлення,Cooler Master V,42,17206,white.png,994 W,80 Plus Gold
Блок живлення,Cooler Master V,1,20331,blue.png,1149 W,80 Plus Gold
Блок живлення,Seasonic Focus,22,11455,green.png,731 W,80 Plus Silver
Блок живлення,Thermaltake Toughpower,47,14645,green.png,622 W,80 Plus Bronze
Блок живлення,Corsair RM750,86,69915,white.png,515 W,80 Plus Bronze
Блок живлення,Seasonic Focus,45,10633,white.png,1014 W,80 Plus Silver
Блок живлення,Corsair RM750,71,44208,red.png,701 W,80 Plus Bronze
Блок живлення,Seasonic Focus,57,49116,white.png,613 W,80 Plus Gold
Блок живлення,Corsair RM750,82,98953,white.png,448 W,80 Plus Bronze
Система охолодження,Corsair H100i,38,83585,red.png,Повітряне,Intel LGA
Система охолодження,be quiet! Dark Rock,67,23848,white.png,Рідинне,AMD AM4
Система охолодження,be quiet! Dark Rock,98,87419,blue.png,Рідинне,Universal
Система охолодження,NZXT Kraken,1,10559,white.png,Повітряне,Intel LGA
Система охолодження,Cooler Master Hyper 212,10,45928,blue.png,Повітряне,Universal
Система охолодження,be quiet! Dark Rock,9,74686,white.png,Повітряне,Intel LGA
Система охолодження,Corsair H100i,87,62785,red.png,Повітряне,AMD AM4
Система охолодження,Noctua NH-D15,48,17422,green.png,Рідинне,Universal
Система охолодження,NZXT Kraken,27,16797,white.png,Рідинне,Universal
Система охолодження,Corsair H100i,83,81470,white.png,Повітряне,Universal
Система охолодження,Corsair H100i,69,63111,white.png,Повітряне,Universal
Система охолодження,Cooler Master Hyper 212,89,42442,blue.png,Рідинне,Universal
Система охолодження,be quiet! Dark Rock,82,47757,red.png,Рідинне,AMD AM4
Система охолодження,be quiet! Dark Rock,22,47387,white.png,Повітряне,AMD AM4
Система охолодження,NZXT Kraken,46,44344,white.png,Рідинне,Intel LGA
Система охолодження,Noctua NH-D15,38,32896,blue.png,Рідинне,Universal
Система охолодження,Corsair H100i,76,62831,blue.png,Повітряне,AMD AM4
Система охолодження,Cooler Master Hyper 212,65,65875,red.png,Повітряне,AMD AM4
Система охолодження,NZXT Kraken,35,42128,white.png,Рідинне,Universal
Система охолодження,Noctua NH-D15,88,18522,red.png,Рідинне,Universal
Система охолодження,Cooler Master Hyper 212,6,63805,green.png,Повітряне,Universal
Система охолодження,Corsair H100i,28,67853,white.png,Рідинне,Intel LGA
Система охолодження,be quiet! Dark Rock,69,15097,blue.png,Повітряне,Intel LGA
Система охолодження,NZXT Kraken,73,46190,green.png,Рідинне,AMD AM4
Система охолодження,Corsair H100i,65,40749,blue.png,Повітряне,Intel LGA
Система охолодження,be quiet! Dark Rock,77,99622,red.png,Повітряне,AMD AM4
Система охолодження,be quiet! Dark Rock,98,55705,blue.png,Рідинне,Universal
Система охолодження,Cooler Master Hyper 212,25,38681,red.png,Рідинне,Universal
Система охолодження,be quiet! Dark Rock,69,20396,white.png,Рідинне,Universal
Система охолодження,Corsair H100i,18,10852,red.png,Повітряне,AMD AM4
Система охолодження,Cooler Master Hyper 212,70,46751,blue.png,Рідинне,Intel LGA
Система охолодження,Corsair H100i,40,30580,white.png,Рідинне,Universal
Система охолодження,be quiet! Dark Rock,7,33474,green.png,Рідинне,AMD AM4
Система охолодження,Corsair H100i,56,21167,blue.png,Повітряне,Intel LGA
Система охолодження,be quiet! Dark Rock,34,88436,white.png,Рідинне,AMD AM4
Система охолодження,Noctua NH-D15,34,53396,white.png,Рідинне,AMD AM4
Система охолодження,Cooler Master Hyper 212,25,79462,white.png,Повітряне,Universal
Система охолодження,be quiet! Dark Rock,27,69571,red.png,Рідинне,AMD AM4
Система охолодження,Corsair H100i,26,20419,green.png,Рідинне,Universal
Система охолодження,Corsair H100i,82,95448,red.png,Рідинне,AMD AM4
Система охолодження,NZXT Kraken,15,77718,blue.png,Рідинне,Universal
Система охолодження,NZXT Kraken,90,28066,blue.png,Рідинне,Intel LGA
Система охолодження,Cooler Master Hyper 212,38,52958,white.png,Рідинне,AMD AM4
Система охолодження,NZXT Kraken,7,70132,green.png,Повітряне,AMD AM4
Система охолодження,Noctua NH-D15,53,31167,red.png,Рідинне,Intel LGA
Система охолодження,be quiet! Dark Rock,99,34910,blue.png,Рідинне,Intel LGA
Система охолодження,Noctua NH-D15,0,50375,red.png,Повітряне,AMD AM4
Система охолодження,Noctua NH-D15,97,80777,red.png,Повітряне,Universal
Система охолодження,be quiet! Dark Rock,96,70761,white.png,Повітряне,Intel LGA
Система охолодження,Noctua NH-D15,100,27897,blue.png,Рідинне,AMD AM4
Система охолодження,Noctua NH-D15,9,81997,blue.png,Рідинне,Intel LGA
Система охолодження,NZXT Kraken,16,52190,white.png,Рідинне,AMD AM4
Система охолодження,NZXT Kraken,54,52404,red.png,Повітряне,AMD AM4
Система охолодження,Corsair H100i,64,56191,white.png,Рідинне,AMD AM4
Система охолодження,NZXT Kraken,3,25734,white.png,Повітряне,Intel LGA
Система охолодження,NZXT Kraken,79,29260,red.png,Рідинне,Intel LGA
Система охолодження,NZXT Kraken,76,49668,white.png,Рідинне,AMD AM4
Система охолодження,be quiet! Dark Rock,60,31861,blue.png,Повітряне,Intel LGA
Система охолодження,NZXT Kraken,21,52698,white.png,Рідинне,AMD AM4
Система охолодження,NZXT Kraken,34,37006,green.png,Рідинне,Intel LGA
Система охолодження,be quiet! Dark Rock,85,87107,green.png,Рідинне,Universal
Система охолодження,Noctua NH-D15,63,25316,green.png,Повітряне,Universal
Система охолодження,Cooler Master Hyper 212,90,99696,red.png,Рідинне,Intel LGA
Система охолодження,NZXT Kraken,7,75010,green.png,Повітряне,Universal
Система охолодження,be quiet! Dark Rock,27,29406,red.png,Повітряне,Intel LGA
Система охолодження,be quiet! Dark Rock,12,37445,blue.png,Рідинне,Intel LGA
Система охолодження,Cooler Master Hyper 212,63,67889,blue.png,Повітряне,Intel LGA
Система охолодження,Noctua NH-D15,46,93099,white.png,Повітряне,Intel LGA
Система охолодження,NZXT Kraken,49,66149,red.png,Рідинне,Universal
Система охолодження,Cooler Master Hyper 212,44,18442,green.png,Рідинне,Intel LGA
Система охолодження,Cooler Master Hyper 212,60,65653,white.png,Рідинне,Universal
Система охолодження,Cooler Master Hyper 212,7,68511,white.png,Повітряне,Intel LGA
Система охолодження,Noctua NH-D15,1,13561,green.png,Повітряне,AMD AM4
Система охолодження,Corsair H100i,79,92949,blue.png,Повітряне,Universal
Система охолодження,Noctua NH-D15,23,26532,red.png,Рідинне,Intel LGA
Система охолодження,NZXT Kraken,44,88459,green.png,Повітряне,Universal
Система охолодження,be quiet! Dark Rock,98,25099,red.png,Повітряне,Universal
Система охолодження,be quiet! Dark Rock,20,93297,red.png,Рідинне,AMD AM4
Система охолодження,Corsair H100i,10,83102,green.png,Повітряне,Universal
Система охолодження,NZXT Kraken,82,95633,red.png,Рідинне,Intel LGA
Система охолодження,NZXT Kraken,13,72308,red.png,Повітряне,Intel LGA
Система охолодження,be quiet! Dark Rock,3,41014,green.png,Повітряне,AMD AM4
Система охолодження,Cooler Master Hyper 212,59,67454,green.png,Рідинне,Universal
Система охолодження,Cooler Master Hyper 212,96,98336,white.png,Рідинне,Intel LGA
Система охолодження,NZXT Kraken,37,68134,blue.png,Рідинне,Intel LGA
Система охолодження,Corsair H100i,52,71768,white.png,Рідинне,Universal
Система охолодження,Cooler Master Hyper 212,60,40689,blue.png,Повітряне,Universal
Система охолодження,Corsair H100i,43,35939,red.png,Рідинне,Intel LGA
Система охолодження,be quiet! Dark Rock,19,15744,white.png,Повітряне,Universal
Система охолодження,Cooler Master Hyper 212,80,61187,green.png,Повітряне,AMD AM4
Система охолодження,Cooler Master Hyper 212,90,49877,blue.png,Повітряне,AMD AM4
Система охолодження,Noctua NH-D15,49,53025,green.png,Повітряне,Universal
Система охолодження,Corsair H100i,52,28541,green.png,Рідинне,Intel LGA
Система охолодження,Noctua NH-D15,0,56285,blue.png,Рідинне,Intel LGA
Система охолодження,be quiet! Dark Rock,9,90426,green.png,Рідинне,Intel LGA
Система охолодження,be quiet! Dark Rock,85,56124,blue.png,Повітряне,Universal
Система охолодження,NZXT Kraken,43,60190,green.png,Повітряне,AMD AM4
Система охолодження,Cooler Master Hyper 212,92,16362,white.png,Рідинне,Intel LGA
Система охолодження,Corsair H100i,15,49223,white.png,Повітряне,AMD AM4
Система охолодження,Cooler Master Hyper 212,12,26364,green.png,Повітряне,Intel LGA
Система охолодження,NZXT Kraken,14,85014,blue.png,Повітряне,Universal
